anio,mes,dia,titulo,descripcion
2021,10,20,PublicaciÃ³n BitÃ¡cora: Te damos la bienvenida a la BitÃ¡cora de Turismo,"<li><a href=""https://bitacora.yvera.tur.ar/posts/bienvenida/"">ğŸ“– BITÃCORA</a> </li>"
2021,12,14,PublicaciÃ³n BitÃ¡cora: Empleo registrado en Turismo,"<li><a href=""https://bitacora.yvera.tur.ar/posts/2021-12-09-empleo/"">ğŸ“– BITÃCORA</a> </li>"
2022,1,19,Encuesta de OcupaciÃ³n Hotelera (EOH) - Noviembre 2021,"<li><a href=""https://www.yvera.tur.ar/estadistica/informe/documentos/descarga/61e8604b64f75491116042.pdf"">ğŸ”— Informe</a></li>
<li><a href=""https://tableros.yvera.tur.ar/eoh.html"">ğŸ’» Reporte</a></li>
<li><a href=""https://datos.yvera.gob.ar/dataset?groups=sector-hotelero"">ğŸ“– Datos Abiertos></a></li>"
2022,1,28,PublicaciÃ³n BitÃ¡cora: ActualizaciÃ³n de microdatos de la Encuesta de Viajes y Turismo de los Hogares,"<li><a href=""https://bitacora.yvera.tur.ar/posts/2022-01-25-actualizacin-de-base-de-microdatos-evyth/"">ğŸ“– BITÃCORA</a> </li>"
2022,2,2,Cuenta satÃ©lite de turismo de la Argentina. AÃ±os 2004 y 2016-2019,"<li><a href=""https://www.yvera.tur.ar/estadistica/informe/documentos/descarga/61fad7e475abe809073943.pdf"">ğŸ”— Informe</a></li><li><a href=""https://bitacora.yvera.tur.ar/posts/2022-02-01-cuenta-satelite/"">ğŸ“– BITÃCORA</a> </li>"
2022,2,10,EstadÃ­sticas de turismo internacional (ETI) - Diciembre de 2021,"<li><a href=""https://tableros.yvera.tur.ar/internacional.html"">ğŸ’» Reporte</a></li>
<li><a href=""https://tableros.yvera.tur.ar/turismo_internacional/"">ğŸ‘¨ğŸ»â€ğŸ’» Tablero</a> </li>
<li><a href=""http://datos.yvera.gob.ar/dataset?groups=turismo-internacional"">ğŸ“– Datos Abiertos</a> </li>"
2022,2,23,Encuesta de ocupaciÃ³n hotelera (EOH) - Diciembre de 2022,"<li><a href=""https://www.yvera.tur.ar/estadistica/informe/documentos/descarga/621684925e880402249321.pdf"">ğŸ”— Informe</a></li>
<li><a href=""https://tableros.yvera.tur.ar/eoh.html"">ğŸ’» Reporte</a></li>
<li><a href=""https://datos.yvera.gob.ar/dataset?groups=sector-hotelero"">ğŸ“– Datos Abiertos></a></li>"
2022,3,2,Reporte MULC - Enero de 2022,"<li><a href=""https://tableros.yvera.tur.ar/mulc.html"">ğŸ’» Reporte</a></li>"
2022,3,9,EstadÃ­sticas de turismo internacional (ETI) - Enero de 2022,"<li><a href=""https://tableros.yvera.tur.ar/internacional.html"">ğŸ’» Reporte</a></li>
<li><a href=""https://tableros.yvera.tur.ar/turismo_internacional/"">ğŸ‘¨ğŸ»â€ğŸ’» Tablero</a> </li>
<li><a href=""http://datos.yvera.gob.ar/dataset?groups=turismo-internacional"">ğŸ“– Datos Abiertos</a> </li>"
2022,3,11,Informe de visitas en Parques Nacionales - Octubre 2021,"<li><a href=""https://www.yvera.tur.ar/estadistica/informe/documentos/descarga/620adec0cdba2295888077.pdf"">ğŸ’» Reporte</a></li>
<li><a href=""https://tableros.yvera.tur.ar/parques_nacionales.html"">ğŸ‘¨ğŸ»â€ğŸ’» Tablero</a> </li>
<li><a href=""http://datos.yvera.gob.ar/dataset/parques-nacionales"">ğŸ“– Datos Abiertos</a> </li>"
2022,3,21,Encuesta de ocupaciÃ³n hotelera (EOH) - Enero de 2022,"<li><a href=""https://www.yvera.tur.ar/estadistica/informe/info/encuesta-de-ocupacion-hotelera-eoh"">ğŸ”— Informe</a></li>
<li><a href=""https://tableros.yvera.tur.ar/eoh.html"">ğŸ’» Reporte</a></li>
<li><a href=""https://datos.yvera.gob.ar/dataset?groups=sector-hotelero"">ğŸ“– Datos Abiertos></a></li>"
2022,3,22,PublicaciÃ³n BitÃ¡cora: Calendario de DifusiÃ³n,"<li><a href=""https://bitacora.yvera.tur.ar/posts/2022-03-22-publicacin-del-calendario-de-difusin/"">ğŸ“– BITÃCORA</a> </li>"
2022,3,29,PublicaciÃ³n BitÃ¡cora: Un recorrido por el Sistema de InformaciÃ³n TurÃ­stica de la Argentina.,"<li><a href=""https://bitacora.yvera.tur.ar/posts/2022-03-29-tutorial-sinta/"">ğŸ“– BITÃCORA</a> </li>"
2022,4,4,Encuesta de Viajes y Turismo de los Hogares (EVyTH) - IV trimestre de 2021,"<li><a href=""https://datos.yvera.gob.ar/dataset/encuesta-de-viajes-y-turismo-de-los-hogares-evyth-microdatos"">ğŸ“– Datos Abiertos</a> </li>
<li><a href=""https://tableros.yvera.tur.ar/interno.html"">ğŸ’» Reportes</a> </li>"
2022,4,5,Reporte MULC - Febrero de 2022,"<li><a href=""https://tableros.yvera.tur.ar/mulc.html"">ğŸ’» Reporte</a></li>"
2022,4,5,PublicaciÃ³n BitÃ¡cora: Monitor EstadÃ­stico de las Provincias,"<li><a href=""https://bitacora.yvera.tur.ar/posts/2022-04-04-monitor-provincias/"">ğŸ“– BITÃCORA</a> </li>"
2022,4,12,EstadÃ­sticas de turismo internacional (ETI) - Febrero de 2022,"<li><a href=""https://tableros.yvera.tur.ar/internacional.html"">ğŸ’» Reporte</a></li>
<li><a href=""https://tableros.yvera.tur.ar/turismo_internacional/"">ğŸ‘¨ğŸ»â€ğŸ’» Tablero</a> </li>
<li><a href=""http://datos.yvera.gob.ar/dataset?groups=turismo-internacional"">ğŸ“– Datos Abiertos</a> </li>"
2022,4,13,PublicaciÃ³n BitÃ¡cora: Turismo de Naturaleza,"<li><a href=""https://bitacora.yvera.tur.ar/posts/2022-04-12-turismo-naturaleza/"">ğŸ“– BITÃCORA</a> </li>"
2022,4,26,Encuesta de ocupaciÃ³n hotelera (EOH) - Febrero de 2022,"<li><a href=""https://www.yvera.tur.ar/estadistica/informe/info/encuesta-de-ocupacion-hotelera-eoh"">ğŸ”— Informe</a></li>
<li><a href=""https://tableros.yvera.tur.ar/eoh.html"">ğŸ’» Reporte</a></li>
<li><a href=""https://datos.yvera.gob.ar/dataset?groups=sector-hotelero"">ğŸ“– Datos Abiertos></a></li>"
2022,4,27,PublicaciÃ³n BitÃ¡cora: Turismo de Cultura,"<li><a href=""https://bitacora.yvera.tur.ar/posts/2022-04-26-turismo-cultura/"">ğŸ“– BITÃCORA</a> </li>"
2022,5,3,Reporte MULC - Marzo de 2022,"<li><a href=""https://tableros.yvera.tur.ar/mulc.html"">ğŸ’» Reporte</a></li>"
2022,5,10,EstadÃ­sticas de turismo internacional (ETI) - Marzo de 2022,"<li><a href=""https://tableros.yvera.tur.ar/internacional.html"">ğŸ’» Reporte</a></li>
<li><a href=""https://tableros.yvera.tur.ar/turismo_internacional/"">ğŸ‘¨ğŸ»â€ğŸ’» Tablero</a> </li>
<li><a href=""http://datos.yvera.gob.ar/dataset?groups=turismo-internacional"">ğŸ“– Datos Abiertos</a> </li>"
2022,5,11,PublicaciÃ³n BitÃ¡cora: Cuenta SatÃ©lite - Parte II,"<li><a href=""https://bitacora.yvera.tur.ar/posts/2022-05-11-cst-parte2/"">ğŸ“– BITÃCORA</a> </li>"
2022,5,18,Censo Nacional 2022,https://www.censo.gob.ar/
2022,5,19,PublicaciÃ³n BitÃ¡cora: Microdatos EVyTH - Serie 2012-2021,"<li><a href=""https://bitacora.yvera.tur.ar/posts/2022-05-16-evyth-serie-2012-2021/"">ğŸ“– BITÃCORA</a> </li>"
2022,5,26,Encuesta de ocupaciÃ³n hotelera (EOH) - Marzo de 2022,"<li><a href=""https://www.yvera.tur.ar/estadistica/informe/info/encuesta-de-ocupacion-hotelera-eoh"">ğŸ”— Informe</a></li>
<li><a href=""https://tableros.yvera.tur.ar/eoh.html"">ğŸ’» Reporte</a></li>
<li><a href=""https://datos.yvera.gob.ar/dataset?groups=sector-hotelero"">ğŸ“– Datos Abiertos></a></li>"
2022,5,26,PublicaciÃ³n BitÃ¡cora: Fuentes de datos: EOH,"<li><a href=""https://bitacora.yvera.tur.ar/posts/2022-05-24-intro-eoh/"">ğŸ“– BITÃCORA</a> </li>"
2022,5,31,PublicaciÃ³n BitÃ¡cora: Fuentes de datos: Turismo Internacional,"<li><a href=""https://bitacora.yvera.tur.ar/posts/2022-05-31-intro-eti/"">ğŸ“– BITÃCORA</a> </li>"
2022,6,2,Reporte MULC - Abril de 2022,"<li><a href=""https://tableros.yvera.tur.ar/mulc.html"">ğŸ’» Reporte</a></li>"
2022,6,7,PublicaciÃ³n BitÃ¡cora: Fuentes de datos: EVyTH,"<li><a href=""https://bitacora.yvera.tur.ar/posts/2022-06-06-intro-evyth/"">ğŸ“– BITÃCORA</a> </li>"
2022,6,8,EstadÃ­sticas de turismo internacional (ETI) - Abril de 2022,"<li><a href=""https://tableros.yvera.tur.ar/internacional.html"">ğŸ’» Reporte</a></li>
<li><a href=""https://tableros.yvera.tur.ar/turismo_internacional/"">ğŸ‘¨ğŸ»â€ğŸ’» Tablero</a> </li>
<li><a href=""http://datos.yvera.gob.ar/dataset?groups=turismo-internacional"">ğŸ“– Datos Abiertos</a> </li>"
2022,6,23,Encuesta de ocupaciÃ³n hotelera (EOH) - Abril de 2022,"<li><a href=""https://www.yvera.tur.ar/estadistica/informe/info/encuesta-de-ocupacion-hotelera-eoh"">ğŸ”— Informe</a></li>
<li><a href=""https://tableros.yvera.tur.ar/eoh.html"">ğŸ’» Reporte</a></li>
<li><a href=""https://datos.yvera.gob.ar/dataset?groups=sector-hotelero"">ğŸ“– Datos Abiertos></a></li>"
2022,6,28,PublicaciÃ³n BitÃ¡cora: MapeAr,"<li><a href=""https://bitacora.yvera.tur.ar/posts/2022-06-28-mapear/"">ğŸ“– BITÃCORA</a> </li>"
2022,7,4,Encuesta de Viajes y Turismo de los Hogares (EVyTH) - I trimestre de 2022,"<li><a href=""https://datos.yvera.gob.ar/dataset/encuesta-de-viajes-y-turismo-de-los-hogares-evyth-microdatos"">ğŸ“– Datos Abiertos</a> </li>
<li><a href=""https://tableros.yvera.tur.ar/interno.html"">ğŸ’» Reportes</a> </li>"
2022,7,4,Reporte MULC - Mayo de 2022,"<li><a href=""https://tableros.yvera.tur.ar/mulc.html"">ğŸ’» Reporte</a></li>"
2022,7,12,EstadÃ­sticas de turismo internacional (ETI) - Mayo de 2022,"<li><a href=""https://tableros.yvera.tur.ar/internacional.html"">ğŸ’» Reporte</a></li>
<li><a href=""https://tableros.yvera.tur.ar/turismo_internacional/"">ğŸ‘¨ğŸ»â€ğŸ’» Tablero</a> </li>
<li><a href=""http://datos.yvera.gob.ar/dataset?groups=turismo-internacional"">ğŸ“– Datos Abiertos</a> </li>"
2022,7,18,PublicaciÃ³n BitÃ¡cora: {herramientas} para el procesamiento de datos y {comunicacion} de la DNMyE,"<li><a href=""https://bitacora.yvera.tur.ar/posts/2022-07-18-dnmye-paquetes/"">ğŸ“– BITÃCORA</a></li>"
2022,7,21,Encuesta de ocupaciÃ³n hotelera (EOH) - Mayo de 2022,"<li><a href=""https://www.yvera.tur.ar/estadistica/informe/info/encuesta-de-ocupacion-hotelera-eoh"">ğŸ”— Informe</a></li>
<li><a href=""https://tableros.yvera.tur.ar/eoh.html"">ğŸ’» Reporte</a></li>
<li><a href=""https://datos.yvera.gob.ar/dataset?groups=sector-hotelero"">ğŸ“– Datos Abiertos></a></li>"
2022,8,5,PublicaciÃ³n BitÃ¡cora: Biblioteca,"<li><a href=""https://bitacora.yvera.tur.ar/posts/2022-08-05-biblioteca/"">ğŸ“– BITÃCORA</a></li>"
2022,8,8,PublicaciÃ³n BitÃ¡cora: Agencias de Viajes y de Turismo Estudiantil,"<li><a href=""https://bitacora.yvera.tur.ar/posts/2022-08-08-agencias/"">ğŸ“– BITÃCORA</a></li>"
2022,8,16,EstadÃ­sticas de turismo internacional (ETI) - Junio de 2022,"<li><a href=""https://tableros.yvera.tur.ar/internacional.html"">ğŸ’» Reporte</a></li>
<li><a href=""https://tableros.yvera.tur.ar/turismo_internacional/"">ğŸ‘¨ğŸ»â€ğŸ’» Tablero</a> </li>
<li><a href=""http://datos.yvera.gob.ar/dataset?groups=turismo-internacional"">ğŸ“– Datos Abiertos</a> </li>"
2022,8,19,PublicaciÃ³n BitÃ¡cora: Portal de Datos Abiertos,"<li><a href=""https://bitacora.yvera.tur.ar/posts/2022-08-18-portal-de-datos-abiertos/"">ğŸ“– BITÃCORA</a> </li>"
2022,8,25,Encuesta de ocupaciÃ³n hotelera (EOH) - Junio de 2022,"<li><a href=""https://www.yvera.tur.ar/estadistica/informe/info/encuesta-de-ocupacion-hotelera-eoh"">ğŸ”— Informe</a></li>
<li><a href=""https://tableros.yvera.tur.ar/eoh.html"">ğŸ’» Reporte</a></li>
<li><a href=""https://datos.yvera.gob.ar/dataset?groups=sector-hotelero"">ğŸ“– Datos Abiertos></a></li>"
2022,8,25,Datos abiertos del Sistema Argentino de Calidad TurÃ­stica (SACT),"<li><a href=""https://datos.yvera.gob.ar/dataset/organizaciones-distinguidas-sistema-argentino-calidad-turistica-sact/"">ğŸ“– DATOS ABIERTOS</a> </li>"
2022,8,26,PublicaciÃ³n: Directrices de GestiÃ³n Ambiental,"<li><a href=""https://bitacora.yvera.tur.ar/posts/2022-08-25-directrices-de-gestin-ambiental/"">ğŸ“– BITÃCORA</a> </li>"
2022,8,29,Reporte: Empleo en Turismo - Mayo de 2022,"<li><a href=""https://tableros.yvera.tur.ar/empleo.html"">ğŸ’»  Reporte</a> </li>"
2022,9,8,EstadÃ­sticas de turismo internacional (ETI) - Julio de 2022,"<li><a href=""https://tableros.yvera.tur.ar/internacional.html"">ğŸ’» Reporte</a></li>
<li><a href=""https://tableros.yvera.tur.ar/turismo_internacional/"">ğŸ‘¨ğŸ»â€ğŸ’» Tablero</a> </li>
<li><a href=""http://datos.yvera.gob.ar/dataset?groups=turismo-internacional"">ğŸ“– Datos Abiertos</a> </li>
<li><a href=""https://www.yvera.tur.ar/sinta/informe/info/turismo-internacional"">ğŸ”— Informe</a></li>"
2022,9,9,PublicaciÃ³n BitÃ¡cora: SintIa,"<li><a href=""https://bitacora.yvera.tur.ar/posts/2022-09-08-sintia/"">ğŸ“– BITÃCORA</a> </li>"
2022,9,12,EstadÃ­sticas de visitas en Parques Nacionales - Febrero 2022,"<li><a href=""https://tableros.yvera.tur.ar/parques_nacionales.html"">ğŸ’» Reporte</a></li>
<li><a href=""https://www.yvera.tur.ar/sinta/informe/info/parques-nacionales"">ğŸ”— Informe</a> </li>
<li><a href=""http://datos.yvera.gob.ar/dataset/parques-nacionales"">ğŸ“– Datos Abiertos</a> </li>"
2022,9,20,Encuesta de ocupaciÃ³n hotelera (EOH) - Julio de 2022,"<li><a href=""https://tableros.yvera.tur.ar/eoh.html"">ğŸ’» Reporte</a></li>
<li><a href=""https://www.yvera.tur.ar/estadistica/informe/info/encuesta-de-ocupacion-hotelera-eoh"">ğŸ”— Informe</a></li>
<li><a href=""https://datos.yvera.gob.ar/dataset?groups=sector-hotelero"">ğŸ“– Datos Abiertos></a></li>"
2022,10,3,Encuesta de Viajes y Turismo de los Hogares (EVyTH) - II trimestre de 2022,"<li><a href=""https://tableros.yvera.tur.ar/interno.html"">ğŸ’» Reportes</a> </li>
<li><a href=""https://www.yvera.tur.ar/sinta/informe/info/encuesta-de-viajes-y-turismo-de-los-hogares-evyth"">ğŸ”— Informe</a></li>
<li><a href=""https://datos.yvera.gob.ar/dataset?groups=turismo-interno"">ğŸ“– Datos Abiertos</a> </li>"
2022,10,12,EstadÃ­sticas de turismo internacional (ETI) - Agosto de 2022,"<li><a href=""https://tableros.yvera.tur.ar/internacional.html"">ğŸ’» Reporte</a></li>
<li><a href=""https://tableros.yvera.tur.ar/turismo_internacional/"">ğŸ‘¨ğŸ»â€ğŸ’» Tablero</a> </li>
<li><a href=""http://datos.yvera.gob.ar/dataset?groups=turismo-internacional"">ğŸ“– Datos Abiertos</a> </li>"
2022,10,24,Encuesta de ocupaciÃ³n hotelera (EOH) - Agosto de 2022,"<li><a href=""https://tableros.yvera.tur.ar/eoh.html"">ğŸ’» Reporte</a></li>
<li><a href=""https://www.yvera.tur.ar/estadistica/informe/info/encuesta-de-ocupacion-hotelera-eoh"">ğŸ”— Informe</a></li>
<li><a href=""https://datos.yvera.gob.ar/dataset?groups=sector-hotelero"">ğŸ“– Datos Abiertos></a></li>"
2022,10,21,PublicaciÃ³n BitÃ¡cora: El turismo de Argentina en LatinR,"<li><a href=""https://bitacora.yvera.tur.ar/posts/2022-10-21-el-turismo-de-argentina-en-latinr/"">ğŸ“– BITÃCORA</a> </li>"
2022,11,10,EstadÃ­sticas de turismo internacional (ETI) - Septiembre de 2022,"<li><a href=""https://tableros.yvera.tur.ar/internacional.html"">ğŸ’» Reporte</a></li>
<li><a href=""https://tableros.yvera.tur.ar/turismo_internacional/"">ğŸ‘¨ğŸ»â€ğŸ’» Tablero</a> </li>
<li><a href=""http://datos.yvera.gob.ar/dataset?groups=turismo-internacional"">ğŸ“– Datos Abiertos</a> </li>"
2022,11,23,Encuesta de ocupaciÃ³n hotelera (EOH) - Septiembre de 2022,"<li><a href=""https://tableros.yvera.tur.ar/eoh.html"">ğŸ’» Reporte</a></li>
<li><a href=""https://www.yvera.tur.ar/estadistica/informe/info/encuesta-de-ocupacion-hotelera-eoh"">ğŸ”— Informe</a></li>
<li><a href=""https://datos.yvera.gob.ar/dataset?groups=sector-hotelero"">ğŸ“– Datos Abiertos></a></li>"
2022,12,21,EstadÃ­sticas de turismo internacional (ETI) - Octubre de 2022,"<li><a href=""https://tableros.yvera.tur.ar/internacional.html"">ğŸ’» Reporte</a></li>
<li><a href=""https://tableros.yvera.tur.ar/turismo_internacional/"">ğŸ‘¨ğŸ»â€ğŸ’» Tablero</a> </li>
<li><a href=""http://datos.yvera.gob.ar/dataset?groups=turismo-internacional"">ğŸ“– Datos Abiertos</a> </li>"
2022,12,21,Encuesta de ocupaciÃ³n hotelera (EOH) - Octubre de 2022,"<li><a href=""https://tableros.yvera.tur.ar/eoh.html"">ğŸ’» Reporte</a></li>
<li><a href=""https://www.yvera.tur.ar/estadistica/informe/info/encuesta-de-ocupacion-hotelera-eoh"">ğŸ”— Informe</a></li>
<li><a href=""https://datos.yvera.gob.ar/dataset?groups=sector-hotelero"">ğŸ“– Datos Abiertos</a></li>"
2022,8,2,Reporte MULC - Junio de 2022,"<li><a href=""https://tableros.yvera.tur.ar/mulc.html"">ğŸ’» Reporte</a></li>"
2022,9,2,Reporte MULC - Julio de 2022,"<li><a href=""https://tableros.yvera.tur.ar/mulc.html"">ğŸ’» Reporte</a></li>"
2022,10,4,Reporte MULC - Agosto de 2022,"<li><a href=""https://tableros.yvera.tur.ar/mulc.html"">ğŸ’» Reporte</a></li>"
2022,11,2,Reporte MULC - Septiembre de 2022,"<li><a href=""https://tableros.yvera.tur.ar/mulc.html"">ğŸ’» Reporte</a></li>"
2022,12,5,Reporte MULC - Octubre de 2022,"<li><a href=""https://tableros.yvera.tur.ar/mulc.html"">ğŸ’» Reporte</a></li>"
2022,1,31,Informe Mensual de EstadÃ­sticas de Turismo (IMET) - enero de 2022,"<li><a href=""https://biblioteca.yvera.tur.ar/coyuntura.html"">ğŸ”— Informe</a></li>"
2022,2,28,Informe Mensual de EstadÃ­sticas de Turismo (IMET) - febrero de 2022,"<li><a href=""https://biblioteca.yvera.tur.ar/coyuntura.html"">ğŸ”— Informe</a></li>"
2022,3,31,Informe Mensual de EstadÃ­sticas de Turismo (IMET) - marzo de 2022,"<li><a href=""https://biblioteca.yvera.tur.ar/coyuntura.html"">ğŸ”— Informe</a></li>"
2022,4,29,Informe Mensual de EstadÃ­sticas de Turismo (IMET) - abril de 2022,"<li><a href=""https://biblioteca.yvera.tur.ar/coyuntura.html"">ğŸ”— Informe</a></li>"
2022,5,31,Informe Mensual de EstadÃ­sticas de Turismo (IMET) - mayo de 2022,"<li><a href=""https://biblioteca.yvera.tur.ar/coyuntura.html"">ğŸ”— Informe</a></li>"
2022,6,30,Informe Mensual de EstadÃ­sticas de Turismo (IMET) - junio de 2022,"<li><a href=""https://biblioteca.yvera.tur.ar/coyuntura.html"">ğŸ”— Informe</a></li>"
2022,7,29,Informe Mensual de EstadÃ­sticas de Turismo (IMET) - julio de 2022,"<li><a href=""https://biblioteca.yvera.tur.ar/coyuntura.html"">ğŸ”— Informe</a></li>"
2022,8,31,Informe Mensual de EstadÃ­sticas de Turismo (IMET) - agosto de 2022,"<li><a href=""https://biblioteca.yvera.tur.ar/coyuntura.html"">ğŸ”— Informe</a></li>"
2022,9,30,Informe Mensual de EstadÃ­sticas de Turismo (IMET) - septiembre de 2022,"<li><a href=""https://biblioteca.yvera.tur.ar/coyuntura.html"">ğŸ”— Informe</a></li>"
2022,10,31,Informe Mensual de EstadÃ­sticas de Turismo (IMET) - octubre de 2022,"<li><a href=""https://biblioteca.yvera.tur.ar/coyuntura.html"">ğŸ”— Informe</a></li>"
2022,12,2,Informe Mensual de EstadÃ­sticas de Turismo (IMET) - noviembre de 2022,"<li><a href=""https://biblioteca.yvera.tur.ar/coyuntura.html"">ğŸ”— Informe</a></li>"
2022,6,15,Panorama EconÃ³mico del Turismo en Argentina - mayo de 2022,"<li><a href=""https://biblioteca.yvera.tur.ar/coyuntura.html"">ğŸ”— Informe</a></li>"
2022,7,15,Panorama EconÃ³mico del Turismo en Argentina - junio de 2022,"<li><a href=""https://biblioteca.yvera.tur.ar/coyuntura.html"">ğŸ”— Informe</a></li>"
2022,9,21,PublicaciÃ³n: Informe de cadena de valor del turismo,"<li><a href=""https://biblioteca.yvera.tur.ar/"">ğŸ”— Informe</a></li>"
2022,10,3,Reporte: Empleo en Turismo - Junio de 2022,"<li><a href=""https://tableros.yvera.tur.ar/empleo.html"">ğŸ’»  Reporte</a> </li>"
2022,10,28,Nuevo Tablero y Post BitÃ¡cora: Conectividad AÃ©rea,"<li><a href=""https://tableros.yvera.tur.ar/conectividad"">ğŸ‘¨ğŸ»â€ğŸ’»Tablero </a> </li>
<li><a href=""https://bitacora.yvera.tur.ar/posts/2022-10-28-datos-aerocomerciales/"">ğŸ“– BITÃCORA</a> </li>"
2022,10,28,EstadÃ­sticas de visitas en Parques Nacionales - Marzo 2022,"<li><a href=""https://tableros.yvera.tur.ar/parques_nacionales.html"">ğŸ’» Reporte</a></li>
<li><a href=""https://www.yvera.tur.ar/sinta/informe/info/parques-nacionales"">ğŸ”— Informe</a> </li>
<li><a href=""http://datos.yvera.gob.ar/dataset/parques-nacionales"">ğŸ“– Datos Abiertos</a> </li>"
2022,11,11,PublicaciÃ³n BitÃ¡cora: Novedades en la Encuesta de Turismo Internacional (ETI),"<li><a href=""https://bitacora.yvera.tur.ar/posts/2022-11-10-novedades-en-la-encuesta-de-turismo-internacional-eti/"">ğŸ“– BITÃCORA</a> </li>"
2022,11,17,EstadÃ­sticas de visitas en Parques Nacionales - Abril 2022,"<li><a href=""https://tableros.yvera.tur.ar/parques_nacionales.html"">ğŸ’» Reporte</a></li>
<li><a href=""https://www.yvera.tur.ar/sinta/informe/info/parques-nacionales"">ğŸ”— Informe</a> </li>
<li><a href=""http://datos.yvera.gob.ar/dataset/parques-nacionales"">ğŸ“– Datos Abiertos</a> </li>"
2022,11,22,PublicaciÃ³n BitÃ¡cora: Nueva versiÃ³n del Monitor de provincias,"<li><a href=""https://bitacora.yvera.tur.ar/posts/2022-11-19-nueva-version-del-monitor-de-provincias/"">ğŸ“– BITÃCORA</a> </li>"
2022,11,29,"PublicaciÃ³n BitÃ¡cora: SintIA II, un bot como asistente interno","<li><a href=""https://bitacora.yvera.tur.ar/posts/2022-11-29-sintia-ii-un-bot-como-asistente-interno/"">ğŸ“– BITÃCORA</a> </li>"
2022,12,12,Reporte: Empleo en Turismo - Agosto de 2022,"<li><a href=""https://tableros.yvera.tur.ar/empleo.html"">ğŸ’»  Reporte</a> </li>"
2022,12,16,PublicaciÃ³n: Documento de Trabajo NÂ° 6: Estacionalidad en el turismo,"<li><a href=""https://biblioteca.yvera.tur.ar/"">ğŸ”— Informe</a></li>"
2023,2,1,Reporte MULC - diciembre de 2022,"<li><a href=""https://tableros.yvera.tur.ar/mulc.html"">ğŸ’» Reporte</a></li>"
2023,3,1,Reporte MULC - enero de 2023,"<li><a href=""https://tableros.yvera.tur.ar/mulc.html"">ğŸ’» Reporte</a></li>"
2023,4,3,Reporte MULC - febrero de 2023,"<li><a href=""https://tableros.yvera.tur.ar/mulc.html"">ğŸ’» Reporte</a></li>"
2023,5,2,Reporte MULC - marzo de 2023,"<li><a href=""https://tableros.yvera.tur.ar/mulc.html"">ğŸ’» Reporte</a></li>"
2023,6,1,Reporte MULC - abril de 2023,"<li><a href=""https://tableros.yvera.tur.ar/mulc.html"">ğŸ’» Reporte</a></li>"
2023,7,3,Reporte MULC - mayo de 2023,"<li><a href=""https://tableros.yvera.tur.ar/mulc.html"">ğŸ’» Reporte</a></li>"
2023,8,1,Reporte MULC - junio de 2023,"<li><a href=""https://tableros.yvera.tur.ar/mulc.html"">ğŸ’» Reporte</a></li>"
2023,9,1,Reporte MULC - julio de 2023,"<li><a href=""https://tableros.yvera.tur.ar/mulc.html"">ğŸ’» Reporte</a></li>"
2023,10,3,Reporte MULC - agosto de 2023,"<li><a href=""https://tableros.yvera.tur.ar/mulc.html"">ğŸ’» Reporte</a></li>"
2023,11,1,Reporte MULC - septiembre de 2023,"<li><a href=""https://tableros.yvera.tur.ar/mulc.html"">ğŸ’» Reporte</a></li>"
2023,12,1,Reporte MULC - octubre de 2023,"<li><a href=""https://tableros.yvera.tur.ar/mulc.html"">ğŸ’» Reporte</a></li>"
2023,1,31,Informe Mensual de EstadÃ­sticas de Turismo (IMET) - enero de 2023,"<li><a href=""https://biblioteca.yvera.tur.ar/coyuntura.html"">ğŸ”— Informe</a></li>"
2023,2,28,Informe Mensual de EstadÃ­sticas de Turismo (IMET) - febrero de 2023,"<li><a href=""https://biblioteca.yvera.tur.ar/coyuntura.html"">ğŸ”— Informe</a></li>"
2023,3,31,Informe Mensual de EstadÃ­sticas de Turismo (IMET) - marzo de 2023,"<li><a href=""https://biblioteca.yvera.tur.ar/coyuntura.html"">ğŸ”— Informe</a></li>"
2023,4,28,Informe Mensual de EstadÃ­sticas de Turismo (IMET) - abril de 2023,"<li><a href=""https://biblioteca.yvera.tur.ar/coyuntura.html"">ğŸ”— Informe</a></li>"
2023,5,31,Informe Mensual de EstadÃ­sticas de Turismo (IMET) - mayo de 2023,"<li><a href=""https://biblioteca.yvera.tur.ar/coyuntura.html"">ğŸ”— Informe</a></li>"
2023,6,30,Informe Mensual de EstadÃ­sticas de Turismo (IMET) - junio de 2023,"<li><a href=""https://biblioteca.yvera.tur.ar/coyuntura.html"">ğŸ”— Informe</a></li>"
2023,7,31,Informe Mensual de EstadÃ­sticas de Turismo (IMET) - julio de 2023,"<li><a href=""https://biblioteca.yvera.tur.ar/coyuntura.html"">ğŸ”— Informe</a></li>"
2023,8,31,Informe Mensual de EstadÃ­sticas de Turismo (IMET) - agosto de 2023,"<li><a href=""https://biblioteca.yvera.tur.ar/coyuntura.html"">ğŸ”— Informe</a></li>"
2023,9,29,Informe Mensual de EstadÃ­sticas de Turismo (IMET) - septiembre de 2023,"<li><a href=""https://biblioteca.yvera.tur.ar/coyuntura.html"">ğŸ”— Informe</a></li>"
2023,10,31,Informe Mensual de EstadÃ­sticas de Turismo (IMET) - octubre de 2023,"<li><a href=""https://biblioteca.yvera.tur.ar/coyuntura.html"">ğŸ”— Informe</a></li>"
2023,11,30,Informe Mensual de EstadÃ­sticas de Turismo (IMET) - noviembre de 2023,"<li><a href=""https://biblioteca.yvera.tur.ar/coyuntura.html"">ğŸ”— Informe</a></li>"
2023,12,29,Informe Mensual de EstadÃ­sticas de Turismo (IMET) - diciembre de 2023,"<li><a href=""https://biblioteca.yvera.tur.ar/coyuntura.html"">ğŸ”— Informe</a></li>"
2022,12,29,Reporte: Empleo en Turismo - septiembre de 2022,"<li><a href=""https://tableros.yvera.tur.ar/empleo.html"">ğŸ’»  Reporte</a> </li>"
2023,1,3,Encuesta de Viajes y Turismo de los Hogares (EVyTH) - III trimestre de 2022,"<li><a href=""https://tableros.yvera.tur.ar/interno.html"">ğŸ’» Reportes</a> </li>
<li><a href=""https://www.yvera.tur.ar/sinta/informe/info/encuesta-de-viajes-y-turismo-de-los-hogares-evyth"">ğŸ”— Informe</a></li>
<li><a href=""https://datos.yvera.gob.ar/dataset?groups=turismo-interno"">ğŸ“– Datos Abiertos</a> </li>"
2023,1,3,Reporte MULC - noviembre de 2022,"<li><a href=""https://tableros.yvera.tur.ar/mulc.html"">ğŸ’» Reporte</a></li>"
2023,1,24,Encuesta de OcupaciÃ³n Hotelera (EOH) - Noviembre 2022,"<li><a href=""https://tableros.yvera.tur.ar/eoh.html"">ğŸ’» Reporte</a></li>
<li><a href=""https://www.yvera.tur.ar/estadistica/informe/info/encuesta-de-ocupacion-hotelera-eoh"">ğŸ”— Informe</a></li>
<li><a href=""https://datos.yvera.gob.ar/dataset?groups=sector-hotelero"">ğŸ“– Datos Abiertos</a></li>"
2023,2,23,Encuesta de OcupaciÃ³n Hotelera (EOH) - Diciembre 2022,"<li><a href=""https://tableros.yvera.tur.ar/eoh.html"">ğŸ’» Reporte</a></li>
<li><a href=""https://www.yvera.tur.ar/estadistica/informe/info/encuesta-de-ocupacion-hotelera-eoh"">ğŸ”— Informe</a></li>
<li><a href=""https://datos.yvera.gob.ar/dataset?groups=sector-hotelero"">ğŸ“– Datos Abiertos</a></li>"
2023,3,20,Encuesta de OcupaciÃ³n Hotelera (EOH) - Enero 2023,"<li><a href=""https://tableros.yvera.tur.ar/eoh.html"">ğŸ’» Reporte</a></li>
<li><a href=""https://www.yvera.tur.ar/estadistica/informe/info/encuesta-de-ocupacion-hotelera-eoh"">ğŸ”— Informe</a></li>
<li><a href=""https://datos.yvera.gob.ar/dataset?groups=sector-hotelero"">ğŸ“– Datos Abiertos</a></li>"
2023,4,26,Encuesta de OcupaciÃ³n Hotelera (EOH) - Febrero 2023,"<li><a href=""https://tableros.yvera.tur.ar/eoh.html"">ğŸ’» Reporte</a></li>
<li><a href=""https://www.yvera.tur.ar/estadistica/informe/info/encuesta-de-ocupacion-hotelera-eoh"">ğŸ”— Informe</a></li>
<li><a href=""https://datos.yvera.gob.ar/dataset?groups=sector-hotelero"">ğŸ“– Datos Abiertos</a></li>"
2023,5,23,Encuesta de OcupaciÃ³n Hotelera (EOH) - Marzo 2023,"<li><a href=""https://tableros.yvera.tur.ar/eoh.html"">ğŸ’» Reporte</a></li>
<li><a href=""https://www.yvera.tur.ar/estadistica/informe/info/encuesta-de-ocupacion-hotelera-eoh"">ğŸ”— Informe</a></li>
<li><a href=""https://datos.yvera.gob.ar/dataset?groups=sector-hotelero"">ğŸ“– Datos Abiertos</a></li>"
2023,6,26,Encuesta de OcupaciÃ³n Hotelera (EOH) - Abril 2023,"<li><a href=""https://tableros.yvera.tur.ar/eoh.html"">ğŸ’» Reporte</a></li>
<li><a href=""https://www.yvera.tur.ar/estadistica/informe/info/encuesta-de-ocupacion-hotelera-eoh"">ğŸ”— Informe</a></li>
<li><a href=""https://datos.yvera.gob.ar/dataset?groups=sector-hotelero"">ğŸ“– Datos Abiertos</a></li>"
2023,7,20,Encuesta de OcupaciÃ³n Hotelera (EOH) - Mayo 2023,"<li><a href=""https://tableros.yvera.tur.ar/eoh.html"">ğŸ’» Reporte</a></li>
<li><a href=""https://www.yvera.tur.ar/estadistica/informe/info/encuesta-de-ocupacion-hotelera-eoh"">ğŸ”— Informe</a></li>
<li><a href=""https://datos.yvera.gob.ar/dataset?groups=sector-hotelero"">ğŸ“– Datos Abiertos</a></li>"
2023,8,23,Encuesta de OcupaciÃ³n Hotelera (EOH) - Junio 2023,"<li><a href=""https://tableros.yvera.tur.ar/eoh.html"">ğŸ’» Reporte</a></li>
<li><a href=""https://www.yvera.tur.ar/estadistica/informe/info/encuesta-de-ocupacion-hotelera-eoh"">ğŸ”— Informe</a></li>
<li><a href=""https://datos.yvera.gob.ar/dataset?groups=sector-hotelero"">ğŸ“– Datos Abiertos</a></li>"
2023,9,21,Encuesta de OcupaciÃ³n Hotelera (EOH) - Julio 2023,"<li><a href=""https://tableros.yvera.tur.ar/eoh.html"">ğŸ’» Reporte</a></li>
<li><a href=""https://www.yvera.tur.ar/estadistica/informe/info/encuesta-de-ocupacion-hotelera-eoh"">ğŸ”— Informe</a></li>
<li><a href=""https://datos.yvera.gob.ar/dataset?groups=sector-hotelero"">ğŸ“– Datos Abiertos</a></li>"
2023,10,24,Encuesta de OcupaciÃ³n Hotelera (EOH) - Agosto 2023,"<li><a href=""https://tableros.yvera.tur.ar/eoh.html"">ğŸ’» Reporte</a></li>
<li><a href=""https://www.yvera.tur.ar/estadistica/informe/info/encuesta-de-ocupacion-hotelera-eoh"">ğŸ”— Informe</a></li>
<li><a href=""https://datos.yvera.gob.ar/dataset?groups=sector-hotelero"">ğŸ“– Datos Abiertos</a></li>"
2023,11,22,Encuesta de OcupaciÃ³n Hotelera (EOH) - Septiembre 2023,"<li><a href=""https://tableros.yvera.tur.ar/eoh.html"">ğŸ’» Reporte</a></li>
<li><a href=""https://www.yvera.tur.ar/estadistica/informe/info/encuesta-de-ocupacion-hotelera-eoh"">ğŸ”— Informe</a></li>
<li><a href=""https://datos.yvera.gob.ar/dataset?groups=sector-hotelero"">ğŸ“– Datos Abiertos</a></li>"
2023,12,22,Encuesta de OcupaciÃ³n Hotelera (EOH) - Octubre 2023,"<li><a href=""https://tableros.yvera.tur.ar/eoh.html"">ğŸ’» Reporte</a></li>
<li><a href=""https://www.yvera.tur.ar/estadistica/informe/info/encuesta-de-ocupacion-hotelera-eoh"">ğŸ”— Informe</a></li>
<li><a href=""https://datos.yvera.gob.ar/dataset?groups=sector-hotelero"">ğŸ“– Datos Abiertos</a></li>"
2023,1,10,EstadÃ­sticas de turismo internacional (ETI) - Noviembre 2022,"<li><a href=""https://tableros.yvera.tur.ar/internacional.html"">ğŸ’» Reporte</a></li>
<li><a href=""https://tableros.yvera.tur.ar/turismo_internacional/"">ğŸ‘¨ğŸ»â€ğŸ’» Tablero</a> </li>
<li><a href=""http://datos.yvera.gob.ar/dataset?groups=turismo-internacional"">ğŸ“– Datos Abiertos</a> </li>"
2023,2,9,EstadÃ­sticas de turismo internacional (ETI) - Diciembre 2022,"<li><a href=""https://tableros.yvera.tur.ar/internacional.html"">ğŸ’» Reporte</a></li>
<li><a href=""https://tableros.yvera.tur.ar/turismo_internacional/"">ğŸ‘¨ğŸ»â€ğŸ’» Tablero</a> </li>
<li><a href=""http://datos.yvera.gob.ar/dataset?groups=turismo-internacional"">ğŸ“– Datos Abiertos</a> </li>"
2023,3,7,EstadÃ­sticas de turismo internacional (ETI) - Enero 2023,"<li><a href=""https://tableros.yvera.tur.ar/internacional.html"">ğŸ’» Reporte</a></li>
<li><a href=""https://tableros.yvera.tur.ar/turismo_internacional/"">ğŸ‘¨ğŸ»â€ğŸ’» Tablero</a> </li>
<li><a href=""http://datos.yvera.gob.ar/dataset?groups=turismo-internacional"">ğŸ“– Datos Abiertos</a> </li>"
2023,4,12,EstadÃ­sticas de turismo internacional (ETI) - Febrero 2023,"<li><a href=""https://tableros.yvera.tur.ar/internacional.html"">ğŸ’» Reporte</a></li>
<li><a href=""https://tableros.yvera.tur.ar/turismo_internacional/"">ğŸ‘¨ğŸ»â€ğŸ’» Tablero</a> </li>
<li><a href=""http://datos.yvera.gob.ar/dataset?groups=turismo-internacional"">ğŸ“– Datos Abiertos</a> </li>"
2023,5,10,EstadÃ­sticas de turismo internacional (ETI) - Marzo 2023,"<li><a href=""https://tableros.yvera.tur.ar/internacional.html"">ğŸ’» Reporte</a></li>
<li><a href=""https://tableros.yvera.tur.ar/turismo_internacional/"">ğŸ‘¨ğŸ»â€ğŸ’» Tablero</a> </li>
<li><a href=""http://datos.yvera.gob.ar/dataset?groups=turismo-internacional"">ğŸ“– Datos Abiertos</a> </li>"
2023,6,7,EstadÃ­sticas de turismo internacional (ETI) - Abril 2023,"<li><a href=""https://tableros.yvera.tur.ar/internacional.html"">ğŸ’» Reporte</a></li>
<li><a href=""https://tableros.yvera.tur.ar/turismo_internacional/"">ğŸ‘¨ğŸ»â€ğŸ’» Tablero</a> </li>
<li><a href=""http://datos.yvera.gob.ar/dataset?groups=turismo-internacional"">ğŸ“– Datos Abiertos</a> </li>"
2023,7,12,EstadÃ­sticas de turismo internacional (ETI) - Mayo 2023,"<li><a href=""https://tableros.yvera.tur.ar/internacional.html"">ğŸ’» Reporte</a></li>
<li><a href=""https://tableros.yvera.tur.ar/turismo_internacional/"">ğŸ‘¨ğŸ»â€ğŸ’» Tablero</a> </li>
<li><a href=""http://datos.yvera.gob.ar/dataset?groups=turismo-internacional"">ğŸ“– Datos Abiertos</a> </li>"
2023,8,8,EstadÃ­sticas de turismo internacional (ETI) - Junio 2023,"<li><a href=""https://tableros.yvera.tur.ar/internacional.html"">ğŸ’» Reporte</a></li>
<li><a href=""https://tableros.yvera.tur.ar/turismo_internacional/"">ğŸ‘¨ğŸ»â€ğŸ’» Tablero</a> </li>
<li><a href=""http://datos.yvera.gob.ar/dataset?groups=turismo-internacional"">ğŸ“– Datos Abiertos</a> </li>"
2023,9,13,EstadÃ­sticas de turismo internacional (ETI) - Julio 2023,"<li><a href=""https://tableros.yvera.tur.ar/internacional.html"">ğŸ’» Reporte</a></li>
<li><a href=""https://tableros.yvera.tur.ar/turismo_internacional/"">ğŸ‘¨ğŸ»â€ğŸ’» Tablero</a> </li>
<li><a href=""http://datos.yvera.gob.ar/dataset?groups=turismo-internacional"">ğŸ“– Datos Abiertos</a> </li>"
2023,10,11,EstadÃ­sticas de turismo internacional (ETI) - Agosto 2023,"<li><a href=""https://tableros.yvera.tur.ar/internacional.html"">ğŸ’» Reporte</a></li>
<li><a href=""https://tableros.yvera.tur.ar/turismo_internacional/"">ğŸ‘¨ğŸ»â€ğŸ’» Tablero</a> </li>
<li><a href=""http://datos.yvera.gob.ar/dataset?groups=turismo-internacional"">ğŸ“– Datos Abiertos</a> </li>"
2023,11,9,EstadÃ­sticas de turismo internacional (ETI) - Septiembre 2023,"<li><a href=""https://tableros.yvera.tur.ar/internacional.html"">ğŸ’» Reporte</a></li>
<li><a href=""https://tableros.yvera.tur.ar/turismo_internacional/"">ğŸ‘¨ğŸ»â€ğŸ’» Tablero</a> </li>
<li><a href=""http://datos.yvera.gob.ar/dataset?groups=turismo-internacional"">ğŸ“– Datos Abiertos</a> </li>"
2023,12,13,EstadÃ­sticas de turismo internacional (ETI) - Octubre 2023,"<li><a href=""https://tableros.yvera.tur.ar/internacional.html"">ğŸ’» Reporte</a></li>
<li><a href=""https://tableros.yvera.tur.ar/turismo_internacional/"">ğŸ‘¨ğŸ»â€ğŸ’» Tablero</a> </li>
<li><a href=""http://datos.yvera.gob.ar/dataset?groups=turismo-internacional"">ğŸ“– Datos Abiertos</a> </li>"
2023,1,23,PublicaciÃ³n BitÃ¡cora: Mapa Interactivo para Inversiones TurÃ­sticas,"<li><a href=""https://bitacora.yvera.tur.ar/posts/2023-01-19-mapa-interactivo-para-inversiones-tursticas/"">ğŸ“– Post BitÃ¡cora</a> </li>
<li><a href=""https://inversionesturisticas.tur.ar/"">ğŸ’» Sitio web</a></li>
<li><a href=""https://tableros.yvera.tur.ar/inversiones/"">ğŸ—ºï¸ Mapa interactivo</a> </li>"
2023,1,24,PublicaciÃ³n BitÃ¡cora: Nueva versiÃ³n del Tablero de Turismo Internacional,"<li><a href=""https://bitacora.yvera.tur.ar/posts/2023-01-24-nueva-versin-del-tablero-de-turismo-internacional/"">ğŸ“– Post BitÃ¡cora</a> </li>
<li><a href=""https://tableros.yvera.tur.ar/turismo_internacional/"">ğŸ’» Tablero</a></li>"
2023,2,1,PublicaciÃ³n BitÃ¡cora: Encuesta a prestadores turÃ­sticos,"<li><a href=""https://bitacora.yvera.tur.ar/posts/2023-02-01-encuesta-prestadores/"">ğŸ“– Post BitÃ¡cora</a> </li>"
2023,2,13,EstadÃ­sticas de visitas en Parques Nacionales - Junio 2022,"<li><a href=""https://tableros.yvera.tur.ar/parques_nacionales.html"">ğŸ’» Reporte</a></li>
<li><a href=""https://www.yvera.tur.ar/sinta/informe/info/parques-nacionales"">ğŸ”— Informe</a> </li>
<li><a href=""http://datos.yvera.gob.ar/dataset/parques-nacionales"">ğŸ“– Datos Abiertos</a> </li>"
2023,2,15,PublicaciÃ³n de datos abiertos: PREVIAJE,"<li><a href=""https://datos.yvera.gob.ar/dataset/previaje"">ğŸ’» Datos abiertos</a></li>
<li><a href=""https://bitacora.yvera.tur.ar/posts/2023-02-16-previaje_data_abierta/"">ğŸ“– Post BitÃ¡cora</a> </li>"
2023,3,11,PublicaciÃ³n BitÃ¡cora: Nivel de Desarrollo TurÃ­stico de las localidades de Argentina,"<li><a href=""https://bitacora.yvera.tur.ar/posts/2023-03-11-clasificacion-localidades/"">ğŸ“– Post BitÃ¡cora</a> </li>"
2023,3,22,PublicaciÃ³n BitÃ¡cora: Crucerismo MarÃ­timo en la Argentina,"<li><a href=""https://bitacora.yvera.tur.ar/posts/2023-03-21-crucerismo/"">ğŸ“– Post BitÃ¡cora</a> </li>"
2023,3,30,PublicaciÃ³n BitÃ¡cora: Turismo en Argentina Productiva 2030,"<li><a href=""https://bitacora.yvera.tur.ar/posts/2023-03-29-turismo-ap2030/"">ğŸ“– Post BitÃ¡cora</a> </li>"
2023,4,4,Encuesta de Viajes y Turismo de los Hogares (EVyTH) - IV trimestre de 2022,"<li><a href=""https://tableros.yvera.tur.ar/interno.html"">ğŸ’» Reportes</a> </li>
<li><a href=""https://www.yvera.tur.ar/sinta/informe/info/encuesta-de-viajes-y-turismo-de-los-hogares-evyth"">ğŸ”— Informe</a></li>
<li><a href=""https://datos.yvera.gob.ar/dataset?groups=turismo-interno"">ğŸ“– Datos Abiertos</a> </li>"
2023,4,4,EstadÃ­sticas de alojamiento: nueva actualizaciÃ³n del PUNA,"<li><a href=""https://bitacora.yvera.tur.ar/posts/2023-04-03-puna-actualizacin-de-indicadores-y-nuevos-lineamientos-de-trabajo/"">ğŸ“„ BitÃ¡cora</a> </li>
<li><a href=""https://tableros.yvera.tur.ar/recursos/biblioteca/dt10_puna.pdf"">ğŸ”— Documento de trabajo</a></li>
<li><a href=""https://datos.yvera.gob.ar/dataset/padron-unico-nacional-alojamiento"">ğŸ“– Datos Abiertos</a> </li>
<li><a href=""https://tableros.yvera.tur.ar/puna/"">ğŸ’» Tablero</a> </li>"
2023,5,9,Crucerismo marÃ­timo en argentina,"<li><a href=""https://tableros.yvera.tur.ar/crucerismo/"">ğŸ’» Tablero</a></li> 
<li><a href=""https://bitacora.yvera.tur.ar/posts/2023-05-08-tablerocrucerismo/"">ğŸ“– Post BitÃ¡cora</a></li>"
2023,5,19,PublicaciÃ³n BitÃ¡cora: Puesta en marcha del Sistema Federal de GestiÃ³n de Datos TurÃ­sticos,"<li><a href=""https://bitacora.yvera.tur.ar/posts/2023-05-19-datatur/"">ğŸ“– Post BitÃ¡cora</a> </li>"
2023,5,23,PublicaciÃ³n BitÃ¡cora: Big data para el turismo,"<li><a href=""https://bitacora.yvera.tur.ar/posts/2023-05-22-big-data-para-el-turismo/"">ğŸ“– Post BitÃ¡cora</a> </li>"
2023,5,29,PublicaciÃ³n: Documento de Trabajo NÂ° 11: Conectividad AÃ©rea,"<li><a href=""https://tableros.yvera.tur.ar/recursos/biblioteca/conectividad_aerea.pdf"">ğŸ“– Documento de Trabajo</a> </li>"
2023,7,6,Encuesta de Viajes y Turismo de los Hogares (EVyTH) - I trimestre de 2023,"<li><a href=""https://tableros.yvera.tur.ar/interno.html"">ğŸ’» Reportes</a> </li>
<li><a href=""https://www.yvera.tur.ar/sinta/informe/info/encuesta-de-viajes-y-turismo-de-los-hogares-evyth"">ğŸ”— Informe</a></li>
<li><a href=""https://datos.yvera.gob.ar/dataset?groups=turismo-interno"">ğŸ“– Datos Abiertos</a> </li>"
2023,10,6,Encuesta de Viajes y Turismo de los Hogares (EVyTH) - II trimestre de 2023,"<li><a href=""https://tableros.yvera.tur.ar/interno.html"">ğŸ’» Reportes</a> </li>
<li><a href=""https://www.yvera.tur.ar/sinta/informe/info/encuesta-de-viajes-y-turismo-de-los-hogares-evyth"">ğŸ”— Informe</a></li>
<li><a href=""https://datos.yvera.gob.ar/dataset?groups=turismo-interno"">ğŸ“– Datos Abiertos</a> </li>"
2023,6,8,Reporte de Conectividad AÃ©rea Mayo,"<li><a href=""https://tableros.yvera.tur.ar/conectividad.html"">âœˆï¸ Reporte de Conectividad AÃ©rea</a> </li>"
2023,6,8,PublicaciÃ³n BitÃ¡cora: Conectividad AÃ©rea,"<li><a href=""https://bitacora.yvera.tur.ar/posts/2023-05-31-conectividad-area/"">ğŸ“– Post BitÃ¡cora</a> </li>"
2023,6,12,PublicaciÃ³n BitÃ¡cora: Lanzamiento de la Diplomatura en GeneraciÃ³n y AnÃ¡lisis de InformaciÃ³n en Turismo,"<li><a href=""https://bitacora.yvera.tur.ar/posts/2023-06-12-lanzamiento-de-la-diplomatura-en-generacin-y-anlisis-de-informacin-en-turismo/"">ğŸ“– Post BitÃ¡cora</a> </li>"
2023,6,23,PublicaciÃ³n BitÃ¡cora: PublicaciÃ³n del Anuario EstadÃ­stico de Turismo 2021,"<li><a href=""https://bitacora.yvera.tur.ar/posts/2023-06-23-anuario/"">ğŸ“– BITÃCORA</a> </li>"
2023,6,26,EstadÃ­sticas de visitas en Parques Nacionales - Diciembre 2022,"<li><a href=""https://tableros.yvera.tur.ar/parques_nacionales.html"">ğŸ’» Reporte</a></li>
<li><a href=""https://www.yvera.tur.ar/sinta/informe/info/parques-nacionales"">ğŸ”— Informe</a> </li>
<li><a href=""http://datos.yvera.gob.ar/dataset/parques-nacionales"">ğŸ“– Datos Abiertos</a> </li>"
2023,7,5,Reporte de Conectividad AÃ©rea Junio,"<li><a href=""https://tableros.yvera.tur.ar/conectividad.html""> ğŸ’» Reporte de Conectividad AÃ©rea</a> </li>
<li><a href=""https://tableros.yvera.tur.ar/conectividad/"">âœˆï¸ Tablero de Conectividad AÃ©rea</a> </li>"
2023,8,7,Reporte de Conectividad AÃ©rea Julio,"<li><a href=""https://tableros.yvera.tur.ar/conectividad.html""> ğŸ’» Reporte de Conectividad AÃ©rea</a> </li>
<li><a href=""https://tableros.yvera.tur.ar/conectividad/"">âœˆï¸ Tablero de Conectividad AÃ©rea</a> </li>"
2023,9,7,Reporte de Conectividad AÃ©rea Agosto,"<li><a href=""https://tableros.yvera.tur.ar/conectividad.html""> ğŸ’» Reporte de Conectividad AÃ©rea</a> </li>
<li><a href=""https://datos.yvera.gob.ar/dataset/conectividad-aerea"">ğŸ“– Datos Abiertos</a> </li>
<li><a href=""https://tableros.yvera.tur.ar/conectividad/"">âœˆï¸ Tablero de Conectividad AÃ©rea</a> </li>"
2023,10,5,Reporte de Conectividad AÃ©rea Septiembre,"<li><a href=""https://tableros.yvera.tur.ar/conectividad.html""> ğŸ’» Reporte de Conectividad AÃ©rea</a> </li>
<li><a href=""https://datos.yvera.gob.ar/dataset/conectividad-aerea"">ğŸ“– Datos Abiertos</a> </li>
<li><a href=""https://tableros.yvera.tur.ar/conectividad/"">âœˆï¸ Tablero de Conectividad AÃ©rea</a> </li>"
2023,11,7,NA,"<li><a href=""https://tableros.yvera.tur.ar/conectividad.html""> ğŸ’» Reporte de Conectividad AÃ©rea</a> </li>
<li><a href=""https://datos.yvera.gob.ar/dataset/conectividad-aerea"">ğŸ“– Datos Abiertos</a> </li>
<li><a href=""https://tableros.yvera.tur.ar/conectividad/"">âœˆï¸ Tablero de Conectividad AÃ©rea</a> </li>"
2023,12,6,Reporte de Conectividad AÃ©rea Noviembre,"<li><a href=""https://tableros.yvera.tur.ar/conectividad.html""> ğŸ’» Reporte de Conectividad AÃ©rea</a> </li>
<li><a href=""https://datos.yvera.gob.ar/dataset/conectividad-aerea"">ğŸ“– Datos Abiertos</a> </li>
<li><a href=""https://tableros.yvera.tur.ar/conectividad/"">âœˆï¸ Tablero de Conectividad AÃ©rea</a> </li>"
2023,8,3,ActualizaciÃ³n Agencias de Viajes - marzo 2023,"<li><a href=""https://tableros.yvera.tur.ar/agencias/""> ğŸ’»Tablero de Agencias de Viajes</a> </li>"
2023,8,17,PublicaciÃ³n BitÃ¡cora: El turismo en los ODS,"<li><a href=""https://bitacora.yvera.tur.ar/posts/2023-08-17-ods-turismo/"">ğŸ“– BITÃCORA</a> </li>"
2023,8,23,PublicaciÃ³n de datos abiertos: Conectividad aÃ©rea,"<li><a href=""https://datos.yvera.gob.ar/dataset/conectividad-aerea""> ğŸ’» Datos abiertos</a> </li>
<li><a href=""https://bitacora.yvera.tur.ar/posts/2023-08-23-datos-abiertos-de-conectividad-aerea/"">âœˆï¸ Post bitÃ¡cora</a> </li>"
2023,9,20,ActualizaciÃ³n de datos abiertos: Previaje,"<li><a href=""https://datos.yvera.gob.ar/dataset/previaje""> ğŸ’» Datos abiertos</a> </li>
<li><a href=""https://bitacora.yvera.tur.ar/posts/2023-09-20-actualizacion-data-abierta-pv4/"">ğŸ“– Post bitÃ¡cora</a> </li>"
2023,9,29,ActualizaciÃ³n de informe y publicaciÃ³n de datos abiertos: Crucerismo MarÃ­timo,"<li><a href=""https://bitacora.yvera.tur.ar/posts/2023-09-21-crucerismo-nuevo-posteo/"">ğŸ“– Post bitÃ¡cora</a> </li>
<li><a href=""https://tableros.yvera.tur.ar/recursos/biblioteca/informe_cruceros_22_23.pdf"">ğŸ”—  Informe</a> </li>
<li><a href=""https://datos.yvera.gob.ar/dataset?groups=movilidad""> ğŸ’» Datos abiertos</a> </li>"
2023,10,2,ActualizaciÃ³n de datos: PadrÃ³n Ãšnico Nacional de Alojamiento 2022,"<li><a href=""https://datos.yvera.gob.ar/dataset/padron-unico-nacional-alojamiento""> ğŸ’» Datos abiertos</a> </li>
<li><a href=""https://tableros.yvera.tur.ar/puna"">ğŸ“– Tablero</a> </li>"
2023,10,3,PublicaciÃ³n del Anuario EstadÃ­stico de Turismo 2022,"<li><a href=""https://tableros.yvera.tur.ar/recursos/biblioteca/anuario_2022.pdf"">ğŸ“– VERSIÃ“N PDF</a> </li>
<li><a href=""https://dnme-minturdep.github.io/anuario_2022/"">ğŸ’» VERSIÃ“N ONLINE</a> </li>"
2023,10,10,Reporte: Empleo en Turismo - junio de 2023,"<li><a href=""https://tableros.yvera.tur.ar/empleo.html"">ğŸ’»  Reporte</a> </li>"
2023,10,27,Publicacion de nuevos datos: Ãreas Protegidas Provinciales,"<li><a href=""https://bitacora.yvera.tur.ar/posts/2023-10-27-areas-protegidas/"">ğŸ“– Post bitÃ¡cora</a> </li>
<li><a href=""https://www.yvera.tur.ar/sinta/informe/info/areas-protegidas"">ğŸ”—  Informe</a> </li>
<li><a href=""https://datos.yvera.gob.ar/dataset?groups=turismo-naturaleza""> ğŸ’» Datos abiertos</a> </li>
<li><a href=""https://tableros.yvera.tur.ar/areas_protegidas.html""> ğŸ‘¨ğŸ»â€ğŸ’» Reporte</a> </li>"
2023,11,14,"Cuenta satÃ©lite de turismo de la Argentina. AÃ±os 2019, 2020, 2021 y 2022","<li><a href=""https://www.yvera.tur.ar/sinta/informe/info/cuenta-satelite-de-turismo"">ğŸ”— Informe</a> </li>"
2023,11,14,Publicacion de ActualizaciÃ³n de la Cuenta SatÃ©lite de Turismo de Argentina 2022,"<li><a href=""https://bitacora.yvera.tur.ar/posts/2023-11-14-cst-actualizacion-2022/"">ğŸ“– Post bitÃ¡cora</a> </li>"
2023,11,17,PublicaciÃ³n de nuevo tablero: Ãšltimos Datos del Turismo,"<li><a href=""https://bitacora.yvera.tur.ar/posts/2023-11-16-tablero_ultimos_datos/"">ğŸ“– Post bitÃ¡cora</a> </li>
<li><a href=""https://tableros.yvera.tur.ar/tablero_ultimos_datos/""> ğŸ’» Tablero</a> </li>"
2023,11,27,Nuevo Documento de Trabajo: Ãndice TurÃ­stico de Localidades,"<li><a href=""https://bitacora.yvera.tur.ar/posts/2023-11-27-indice-turistico/"">ğŸ“– Post bitÃ¡cora</a> </li>
<li><a href=""https://tableros.yvera.tur.ar/recursos/biblioteca/indice_turistico.pdf""> ğŸ”— Documento</a> </li>"
2023,12,6,PublicaciÃ³n de un nuevo tablero: Ãndice TurÃ­stico de Localidades,"<li><a href=""https://tableros.yvera.tur.ar/indice_turistico/""> ğŸ”— Tablero</a> </li>"
2023,12,7,PublicaciÃ³n de nuevos datos: Conectividad Terrestre Interurbana,"<li><a href=""https://bitacora.yvera.tur.ar/posts/2023-12-07-conectividadterrestre/"">ğŸ’» Post BitÃ¡cora</a></li>
<li><a href=""https://tableros.yvera.tur.ar/conectividad_terrestre/"">ğŸ”— Tablero</a> </li>
<li><a href=""https://datos.yvera.gob.ar/dataset/conectividad-terrestre-interurbana"">ğŸ“– Datos Abiertos</a> </li>"
2023,12,14,PublicaciÃ³n de Informes de Comportamiento TurÃ­stico 2021-2022,"<li><a href=""https://bitacora.yvera.tur.ar/posts/2023-12-14-comportamiento/"">ğŸ’» Post BitÃ¡cora</a></li>
<li><a href=""https://www.yvera.tur.ar/sinta/informe/info/encuesta-de-viajes-y-turismo-de-los-hogares-evyth"">ğŸ”— Informes</a> </li>"
2023,12,22,PublicaciÃ³n de un nuevo tablero: Visitas a Ãreas Protegidas,"<li><a href=""https://bitacora.yvera.tur.ar/posts/2023-12-21-tablero-areas-protegidas/"">ğŸ’» Post BitÃ¡cora</a></li>
<li><a href=""https://tableros.yvera.tur.ar/tablero_areas_protegidas"">ğŸ”— Tablero</a> </li>"
2023,12,26,ActualizaciÃ³n del Monitor de Turismo en las Provincias: aÃ±o 2022,"<li><a href=""https://bitacora.yvera.tur.ar/posts/2023-12-26-actualizacion-del-monitor-de-provincias/"">ğŸ’» Post BitÃ¡cora</a></li>
<li><a href=""https://provincias.yvera.tur.ar/"">ğŸ”— Sitio web</a> </li>"
2024,1,31,Informe Mensual de EstadÃ­sticas de Turismo (IMET) - enero de 2024,"<li><a href=""https://biblioteca.yvera.tur.ar/coyuntura.html"">ğŸ”— Informe</a></li>"
2024,2,29,Informe Mensual de EstadÃ­sticas de Turismo (IMET) - febrero de 2024,"<li><a href=""https://biblioteca.yvera.tur.ar/coyuntura.html"">ğŸ”— Informe</a></li>"
2024,3,27,Informe Mensual de EstadÃ­sticas de Turismo (IMET) - marzo de 2024,"<li><a href=""https://biblioteca.yvera.tur.ar/coyuntura.html"">ğŸ”— Informe</a></li>"
2024,4,30,Informe Mensual de EstadÃ­sticas de Turismo (IMET) - abril de 2024,"<li><a href=""https://biblioteca.yvera.tur.ar/coyuntura.html"">ğŸ”— Informe</a></li>"
2024,5,31,Informe Mensual de EstadÃ­sticas de Turismo (IMET) - mayo de 2024,"<li><a href=""https://biblioteca.yvera.tur.ar/coyuntura.html"">ğŸ”— Informe</a></li>"
2024,6,28,Informe Mensual de EstadÃ­sticas de Turismo (IMET) - junio de 2024,"<li><a href=""https://biblioteca.yvera.tur.ar/coyuntura.html"">ğŸ”— Informe</a></li>"
2024,7,31,Informe Mensual de EstadÃ­sticas de Turismo (IMET) - julio de 2024,"<li><a href=""https://biblioteca.yvera.tur.ar/coyuntura.html"">ğŸ”— Informe</a></li>"
2024,8,30,Informe Mensual de EstadÃ­sticas de Turismo (IMET) - agosto de 2024,"<li><a href=""https://biblioteca.yvera.tur.ar/coyuntura.html"">ğŸ”— Informe</a></li>"
2024,9,30,Informe Mensual de EstadÃ­sticas de Turismo (IMET) - septiembre de 2024,"<li><a href=""https://biblioteca.yvera.tur.ar/coyuntura.html"">ğŸ”— Informe</a></li>"
2024,10,31,Informe Mensual de EstadÃ­sticas de Turismo (IMET) - octubre de 2024,"<li><a href=""https://biblioteca.yvera.tur.ar/coyuntura.html"">ğŸ”— Informe</a></li>"
2024,11,29,Informe Mensual de EstadÃ­sticas de Turismo (IMET) - noviembre de 2024,"<li><a href=""https://biblioteca.yvera.tur.ar/coyuntura.html"">ğŸ”— Informe</a></li>"
2024,12,30,Informe Mensual de EstadÃ­sticas de Turismo (IMET) - diciembre de 2024,"<li><a href=""https://biblioteca.yvera.tur.ar/coyuntura.html"">ğŸ”— Informe</a></li>"
2024,1,2,Reporte MULC - noviembre de 2023,"<li><a href=""https://tableros.yvera.tur.ar/mulc.html"">ğŸ’» Reporte</a></li>"
2024,2,1,Reporte MULC - diciembre de 2023,"<li><a href=""https://tableros.yvera.tur.ar/mulc.html"">ğŸ’» Reporte</a></li>"
2024,3,1,Reporte MULC - enero de 2024,"<li><a href=""https://tableros.yvera.tur.ar/mulc.html"">ğŸ’» Reporte</a></li>"
2024,5,2,Reporte MULC - marzo de 2024,"<li><a href=""https://tableros.yvera.tur.ar/mulc.html"">ğŸ’» Reporte</a></li>"
2024,6,3,Reporte MULC - abril de 2024,"<li><a href=""https://tableros.yvera.tur.ar/mulc.html"">ğŸ’» Reporte</a></li>"
2024,7,1,Reporte MULC - mayo de 2024,"<li><a href=""https://tableros.yvera.tur.ar/mulc.html"">ğŸ’» Reporte</a></li>"
2024,8,1,Reporte MULC - junio de 2024,"<li><a href=""https://tableros.yvera.tur.ar/mulc.html"">ğŸ’» Reporte</a></li>"
2024,9,2,Reporte MULC - julio de 2024,"<li><a href=""https://tableros.yvera.tur.ar/mulc.html"">ğŸ’» Reporte</a></li>"
2024,10,1,Reporte MULC - agosto de 2024,"<li><a href=""https://tableros.yvera.tur.ar/mulc.html"">ğŸ’» Reporte</a></li>"
2024,11,1,Reporte MULC - septiembre de 2024,"<li><a href=""https://tableros.yvera.tur.ar/mulc.html"">ğŸ’» Reporte</a></li>"
2024,12,2,Reporte MULC - octubre de 2024,"<li><a href=""https://tableros.yvera.tur.ar/mulc.html"">ğŸ’» Reporte</a></li>"
2024,1,8,Reporte de Conectividad AÃ©rea Diciembre,"<li><a href=""https://tableros.yvera.tur.ar/conectividad.html""> ğŸ’» Reporte de Conectividad AÃ©rea</a> </li>
<li><a href=""https://datos.yvera.gob.ar/dataset/conectividad-aerea"">ğŸ“– Datos Abiertos</a> </li>
<li><a href=""https://tableros.yvera.tur.ar/conectividad/"">âœˆï¸ Tablero de Conectividad AÃ©rea</a> </li>"
2024,3,19,Reporte de Conectividad AÃ©rea Febrero,"<li><a href=""https://tableros.yvera.tur.ar/conectividad.html""> ğŸ’» Reporte de Conectividad AÃ©rea</a> </li>
<li><a href=""https://datos.yvera.gob.ar/dataset/conectividad-aerea"">ğŸ“– Datos Abiertos</a> </li>
<li><a href=""https://tableros.yvera.tur.ar/conectividad/"">âœˆï¸ Tablero de Conectividad AÃ©rea</a> </li>"
2024,4,12,Reporte de Conectividad AÃ©rea Marzo,"<li><a href=""https://tableros.yvera.tur.ar/conectividad.html""> ğŸ’» Reporte de Conectividad AÃ©rea</a> </li>
<li><a href=""https://datos.yvera.gob.ar/dataset/conectividad-aerea"">ğŸ“– Datos Abiertos</a> </li>
<li><a href=""https://tableros.yvera.tur.ar/conectividad/"">âœˆï¸ Tablero de Conectividad AÃ©rea</a> </li>"
2024,5,14,Reporte de Conectividad AÃ©rea Abril,"<li><a href=""https://tableros.yvera.tur.ar/conectividad.html""> ğŸ’» Reporte de Conectividad AÃ©rea</a> </li>
<li><a href=""https://datos.yvera.gob.ar/dataset/conectividad-aerea"">ğŸ“– Datos Abiertos</a> </li>
<li><a href=""https://tableros.yvera.tur.ar/conectividad/"">âœˆï¸ Tablero de Conectividad AÃ©rea</a> </li>"
2024,7,24,Datos de Conectividad AÃ©rea junio 2024,"<li><a href=""https://tableros.yvera.tur.ar/conectividad.html""> ğŸ’» Reporte de Conectividad AÃ©rea</a> </li>
<li><a href=""https://datos.yvera.gob.ar/dataset/conectividad-aerea"">ğŸ“– Datos Abiertos</a> </li>
<li><a href=""https://tableros.yvera.tur.ar/conectividad/"">âœˆï¸ Tablero de Conectividad AÃ©rea</a> </li>"
2024,10,24,Datos de Conectividad AÃ©rea septiembre 2024,"<li><a href=""https://tableros.yvera.tur.ar/conectividad.html""> ğŸ’» Reporte de Conectividad AÃ©rea</a> </li>
<li><a href=""https://datos.yvera.gob.ar/dataset/conectividad-aerea"">ğŸ“– Datos Abiertos</a> </li>
<li><a href=""https://tableros.yvera.tur.ar/conectividad/"">âœˆï¸ Tablero de Conectividad AÃ©rea</a> </li>"
2024,1,23,Encuesta de OcupaciÃ³n Hotelera (EOH) - Noviembre 2023,"<li><a href=""https://tableros.yvera.tur.ar/eoh.html"">ğŸ’» Reporte</a></li>
<li><a href=""https://www.yvera.tur.ar/estadistica/informe/info/encuesta-de-ocupacion-hotelera-eoh"">ğŸ”— Informe</a></li>
<li><a href=""https://datos.yvera.gob.ar/dataset?groups=sector-hotelero"">ğŸ“– Datos Abiertos</a></li>"
2024,2,22,Encuesta de OcupaciÃ³n Hotelera (EOH) - Diciembre 2023,"<li><a href=""https://tableros.yvera.tur.ar/eoh.html"">ğŸ’» Reporte</a></li>
<li><a href=""https://www.yvera.tur.ar/estadistica/informe/info/encuesta-de-ocupacion-hotelera-eoh"">ğŸ”— Informe</a></li>
<li><a href=""https://datos.yvera.gob.ar/dataset?groups=sector-hotelero"">ğŸ“– Datos Abiertos</a></li>"
2024,3,22,Encuesta de OcupaciÃ³n Hotelera (EOH) - Enero 2024,"<li><a href=""https://tableros.yvera.tur.ar/eoh.html"">ğŸ’» Reporte</a></li>
<li><a href=""https://www.yvera.tur.ar/estadistica/informe/info/encuesta-de-ocupacion-hotelera-eoh"">ğŸ”— Informe</a></li>
<li><a href=""https://datos.yvera.gob.ar/dataset?groups=sector-hotelero"">ğŸ“– Datos Abiertos</a></li>"
2024,4,25,Encuesta de OcupaciÃ³n Hotelera (EOH) - Febrero 2024,"<li><a href=""https://tableros.yvera.tur.ar/eoh.html"">ğŸ’» Reporte</a></li>
<li><a href=""https://www.yvera.tur.ar/estadistica/informe/info/encuesta-de-ocupacion-hotelera-eoh"">ğŸ”— Informe</a></li>
<li><a href=""https://datos.yvera.gob.ar/dataset?groups=sector-hotelero"">ğŸ“– Datos Abiertos</a></li>"
2024,5,22,Encuesta de OcupaciÃ³n Hotelera (EOH) - Marzo 2024 Nuevo tablero disponible en el SINTA,"<li><a href=""https://bitacora.yvera.tur.ar/posts/2024-03-26-tablero-eoh/"">ğŸ“– Post BitÃ¡cora</a></li>
<li><a href=""https://tableros.yvera.tur.ar/tablero_eoh"">ğŸ’» Tablero</a></li>
<li><a href=""https://tableros.yvera.tur.ar/eoh.html"">ğŸ’» Reporte</a></li>
<li><a href=""https://www.yvera.tur.ar/estadistica/informe/info/encuesta-de-ocupacion-hotelera-eoh"">ğŸ”— Informe</a></li>
<li><a href=""https://datos.yvera.gob.ar/dataset?groups=sector-hotelero"">ğŸ“– Datos Abiertos</a></li>"
2024,6,25,Encuesta de OcupaciÃ³n Hotelera (EOH) - Abril 2024,"<li><a href=""https://tableros.yvera.tur.ar/tablero_eoh"">ğŸ’» Tablero</a></li> 
<li><a href=""https://tableros.yvera.tur.ar/eoh.html"">ğŸ’» Reporte</a></li> 
<li><a href=""https://www.yvera.tur.ar/estadistica/informe/info/encuesta-de-ocupacion-hotelera-eoh"">ğŸ”— Informe</a></li> 
<li><a href=""https://datos.yvera.gob.ar/dataset?groups=sector-hotelero"">ğŸ“– Datos Abiertos</a></li>"
2024,7,23,Encuesta de OcupaciÃ³n Hotelera (EOH) - Mayo 2024,"<li><a href=""https://tableros.yvera.tur.ar/tablero_eoh"">ğŸ’» Tablero</a></li> 
<li><a href=""https://tableros.yvera.tur.ar/eoh.html"">ğŸ’» Reporte</a></li> 
<li><a href=""https://www.yvera.tur.ar/estadistica/informe/info/encuesta-de-ocupacion-hotelera-eoh"">ğŸ”— Informe</a></li> 
<li><a href=""https://datos.yvera.gob.ar/dataset?groups=sector-hotelero"">ğŸ“– Datos Abiertos</a></li>"
2024,8,21,Encuesta de OcupaciÃ³n Hotelera (EOH) - Junio 2024,"<li><a href=""https://tableros.yvera.tur.ar/tablero_eoh"">ğŸ’» Tablero</a></li> 
<li><a href=""https://tableros.yvera.tur.ar/eoh.html"">ğŸ’» Reporte</a></li> 
<li><a href=""https://www.yvera.tur.ar/estadistica/informe/info/encuesta-de-ocupacion-hotelera-eoh"">ğŸ”— Informe</a></li> 
<li><a href=""https://datos.yvera.gob.ar/dataset?groups=sector-hotelero"">ğŸ“– Datos Abiertos</a></li>"
2024,9,20,Encuesta de OcupaciÃ³n Hotelera (EOH) - Julio 2024,"<li><a href=""https://tableros.yvera.tur.ar/tablero_eoh"">ğŸ’» Tablero</a></li> 
<li><a href=""https://tableros.yvera.tur.ar/eoh.html"">ğŸ’» Reporte</a></li> 
<li><a href=""https://www.yvera.tur.ar/estadistica/informe/info/encuesta-de-ocupacion-hotelera-eoh"">ğŸ”— Informe</a></li> 
<li><a href=""https://datos.yvera.gob.ar/dataset?groups=sector-hotelero"">ğŸ“– Datos Abiertos</a></li>"
2024,10,21,Encuesta de OcupaciÃ³n Hotelera (EOH) - Agosto 2024,"<li><a href=""https://tableros.yvera.tur.ar/tablero_eoh"">ğŸ’» Tablero</a></li> 
<li><a href=""https://tableros.yvera.tur.ar/eoh.html"">ğŸ’» Reporte</a></li> 
<li><a href=""https://www.yvera.tur.ar/estadistica/informe/info/encuesta-de-ocupacion-hotelera-eoh"">ğŸ”— Informe</a></li> 
<li><a href=""https://datos.yvera.gob.ar/dataset?groups=sector-hotelero"">ğŸ“– Datos Abiertos</a></li>"
2024,11,21,Encuesta de OcupaciÃ³n Hotelera (EOH) - Septiembre 2024,"<li><a href=""https://tableros.yvera.tur.ar/tablero_eoh"">ğŸ’» Tablero</a></li> 
<li><a href=""https://tableros.yvera.tur.ar/eoh.html"">ğŸ’» Reporte</a></li> 
<li><a href=""https://www.yvera.tur.ar/estadistica/informe/info/encuesta-de-ocupacion-hotelera-eoh"">ğŸ”— Informe</a></li> 
<li><a href=""https://datos.yvera.gob.ar/dataset?groups=sector-hotelero"">ğŸ“– Datos Abiertos</a></li>"
2024,12,19,Encuesta de OcupaciÃ³n Hotelera (EOH) - Octubre 2024,"<li><a href=""https://tableros.yvera.tur.ar/tablero_eoh"">ğŸ’» Tablero</a></li> 
<li><a href=""https://tableros.yvera.tur.ar/eoh.html"">ğŸ’» Reporte</a></li> 
<li><a href=""https://www.yvera.tur.ar/estadistica/informe/info/encuesta-de-ocupacion-hotelera-eoh"">ğŸ”— Informe</a></li> 
<li><a href=""https://datos.yvera.gob.ar/dataset?groups=sector-hotelero"">ğŸ“– Datos Abiertos</a></li>"
2025,1,21,Encuesta de OcupaciÃ³n Hotelera (EOH) - Noviembre 2024,"<li><a href=""https://tableros.yvera.tur.ar/tablero_eoh"">ğŸ’» Tablero</a></li> 
<li><a href=""https://tableros.yvera.tur.ar/eoh.html"">ğŸ’» Reporte</a></li> 
<li><a href=""https://www.yvera.tur.ar/estadistica/informe/info/encuesta-de-ocupacion-hotelera-eoh"">ğŸ”— Informe</a></li> 
<li><a href=""https://datos.yvera.gob.ar/dataset?groups=sector-hotelero"">ğŸ“– Datos Abiertos</a></li>"
2025,2,19,Encuesta de OcupaciÃ³n Hotelera (EOH) - Diciembre 2024,"<li><a href=""https://tableros.yvera.tur.ar/tablero_eoh"">ğŸ’» Tablero</a></li> 
<li><a href=""https://tableros.yvera.tur.ar/eoh.html"">ğŸ’» Reporte</a></li> 
<li><a href=""https://www.yvera.tur.ar/estadistica/informe/info/encuesta-de-ocupacion-hotelera-eoh"">ğŸ”— Informe</a></li> 
<li><a href=""https://datos.yvera.gob.ar/dataset?groups=sector-hotelero"">ğŸ“– Datos Abiertos</a></li>"
2025,3,20,Encuesta de OcupaciÃ³n Hotelera (EOH) - Enero 2025,"<li><a href=""https://tableros.yvera.tur.ar/tablero_eoh"">ğŸ’» Tablero</a></li> 
<li><a href=""https://tableros.yvera.tur.ar/eoh.html"">ğŸ’» Reporte</a></li> 
<li><a href=""https://www.yvera.tur.ar/estadistica/informe/info/encuesta-de-ocupacion-hotelera-eoh"">ğŸ”— Informe</a></li> 
<li><a href=""https://datos.yvera.gob.ar/dataset?groups=sector-hotelero"">ğŸ“– Datos Abiertos</a></li>"
2025,4,22,Encuesta de OcupaciÃ³n Hotelera (EOH) - Febrero 2025,"<li><a href=""https://tableros.yvera.tur.ar/tablero_eoh"">ğŸ’» Tablero</a></li> 
<li><a href=""https://tableros.yvera.tur.ar/eoh.html"">ğŸ’» Reporte</a></li> 
<li><a href=""https://www.yvera.tur.ar/estadistica/informe/info/encuesta-de-ocupacion-hotelera-eoh"">ğŸ”— Informe</a></li> 
<li><a href=""https://datos.yvera.gob.ar/dataset?groups=sector-hotelero"">ğŸ“– Datos Abiertos</a></li>"
2025,5,20,Encuesta de OcupaciÃ³n Hotelera (EOH) - Marzo 2025,"<li><a href=""https://tableros.yvera.tur.ar/tablero_eoh"">ğŸ’» Tablero</a></li> 
<li><a href=""https://tableros.yvera.tur.ar/eoh.html"">ğŸ’» Reporte</a></li> 
<li><a href=""https://www.yvera.tur.ar/estadistica/informe/info/encuesta-de-ocupacion-hotelera-eoh"">ğŸ”— Informe</a></li> 
<li><a href=""https://datos.yvera.gob.ar/dataset?groups=sector-hotelero"">ğŸ“– Datos Abiertos</a></li>"
2025,6,23,Encuesta de OcupaciÃ³n Hotelera (EOH) - Abril 2025,"<li><a href=""https://tableros.yvera.tur.ar/tablero_eoh"">ğŸ’» Tablero</a></li> 
<li><a href=""https://tableros.yvera.tur.ar/eoh.html"">ğŸ’» Reporte</a></li> 
<li><a href=""https://www.yvera.tur.ar/estadistica/informe/info/encuesta-de-ocupacion-hotelera-eoh"">ğŸ”— Informe</a></li> 
<li><a href=""https://datos.yvera.gob.ar/dataset?groups=sector-hotelero"">ğŸ“– Datos Abiertos</a></li>"
2025,7,21,Encuesta de OcupaciÃ³n Hotelera (EOH) - Mayo 2025,"<li><a href=""https://tableros.yvera.tur.ar/tablero_eoh"">ğŸ’» Tablero</a></li> 
<li><a href=""https://tableros.yvera.tur.ar/eoh.html"">ğŸ’» Reporte</a></li> 
<li><a href=""https://www.yvera.tur.ar/estadistica/informe/info/encuesta-de-ocupacion-hotelera-eoh"">ğŸ”— Informe</a></li> 
<li><a href=""https://datos.yvera.gob.ar/dataset?groups=sector-hotelero"">ğŸ“– Datos Abiertos</a></li>"
2025,8,20,Encuesta de OcupaciÃ³n Hotelera (EOH) - Junio 2025,"<li><a href=""https://tableros.yvera.tur.ar/tablero_eoh"">ğŸ’» Tablero</a></li> 
<li><a href=""https://tableros.yvera.tur.ar/eoh.html"">ğŸ’» Reporte</a></li> 
<li><a href=""https://www.yvera.tur.ar/estadistica/informe/info/encuesta-de-ocupacion-hotelera-eoh"">ğŸ”— Informe</a></li> 
<li><a href=""https://datos.yvera.gob.ar/dataset?groups=sector-hotelero"">ğŸ“– Datos Abiertos</a></li>"
2025,9,22,Encuesta de OcupaciÃ³n Hotelera (EOH) - Julio 2025,"<li><a href=""https://tableros.yvera.tur.ar/tablero_eoh"">ğŸ’» Tablero</a></li> 
<li><a href=""https://tableros.yvera.tur.ar/eoh.html"">ğŸ’» Reporte</a></li> 
<li><a href=""https://www.yvera.tur.ar/estadistica/informe/info/encuesta-de-ocupacion-hotelera-eoh"">ğŸ”— Informe</a></li> 
<li><a href=""https://datos.yvera.gob.ar/dataset?groups=sector-hotelero"">ğŸ“– Datos Abiertos</a></li>"
2025,10,21,Encuesta de OcupaciÃ³n Hotelera (EOH) - Agosto 2025,"<li><a href=""https://tableros.yvera.tur.ar/tablero_eoh"">ğŸ’» Tablero</a></li> 
<li><a href=""https://tableros.yvera.tur.ar/eoh.html"">ğŸ’» Reporte</a></li> 
<li><a href=""https://www.yvera.tur.ar/estadistica/informe/info/encuesta-de-ocupacion-hotelera-eoh"">ğŸ”— Informe</a></li> 
<li><a href=""https://datos.yvera.gob.ar/dataset?groups=sector-hotelero"">ğŸ“– Datos Abiertos</a></li>"
2025,11,19,Encuesta de OcupaciÃ³n Hotelera (EOH) - Septiembre 2025,"<li><a href=""https://tableros.yvera.tur.ar/tablero_eoh"">ğŸ’» Tablero</a></li> 
<li><a href=""https://tableros.yvera.tur.ar/eoh.html"">ğŸ’» Reporte</a></li> 
<li><a href=""https://www.yvera.tur.ar/estadistica/informe/info/encuesta-de-ocupacion-hotelera-eoh"">ğŸ”— Informe</a></li> 
<li><a href=""https://datos.yvera.gob.ar/dataset?groups=sector-hotelero"">ğŸ“– Datos Abiertos</a></li>"
2025,12,19,Encuesta de OcupaciÃ³n Hotelera (EOH) - Octubre 2025,"<li><a href=""https://tableros.yvera.tur.ar/tablero_eoh"">ğŸ’» Tablero</a></li> 
<li><a href=""https://tableros.yvera.tur.ar/eoh.html"">ğŸ’» Reporte</a></li> 
<li><a href=""https://www.yvera.tur.ar/estadistica/informe/info/encuesta-de-ocupacion-hotelera-eoh"">ğŸ”— Informe</a></li> 
<li><a href=""https://datos.yvera.gob.ar/dataset?groups=sector-hotelero"">ğŸ“– Datos Abiertos</a></li>"
2024,1,9,EstadÃ­sticas de turismo internacional (ETI) - Noviembre 2023,"<li><a href=""https://tableros.yvera.tur.ar/internacional.html"">ğŸ’» Reporte</a></li>
<li><a href=""https://tableros.yvera.tur.ar/turismo_internacional/"">ğŸ‘¨ğŸ»â€ğŸ’» Tablero</a> </li>
<li><a href=""http://datos.yvera.gob.ar/dataset?groups=turismo-internacional"">ğŸ“– Datos Abiertos</a> </li>"
2024,2,7,EstadÃ­sticas de turismo internacional (ETI) - Diciembre 2023,"<li><a href=""https://tableros.yvera.tur.ar/internacional.html"">ğŸ’» Reporte</a></li>
<li><a href=""https://tableros.yvera.tur.ar/turismo_internacional/"">ğŸ‘¨ğŸ»â€ğŸ’» Tablero</a> </li>
<li><a href=""http://datos.yvera.gob.ar/dataset?groups=turismo-internacional"">ğŸ“– Datos Abiertos</a> </li>"
2024,3,5,EstadÃ­sticas de turismo internacional (ETI) - Enero 2024,"<li><a href=""https://tableros.yvera.tur.ar/internacional.html"">ğŸ’» Reporte</a></li>
<li><a href=""https://tableros.yvera.tur.ar/turismo_internacional/"">ğŸ‘¨ğŸ»â€ğŸ’» Tablero</a> </li>
<li><a href=""http://datos.yvera.gob.ar/dataset?groups=turismo-internacional"">ğŸ“– Datos Abiertos</a> </li>"
2024,4,10,EstadÃ­sticas de turismo internacional (ETI) - Febrero 2024,"<li><a href=""https://tableros.yvera.tur.ar/internacional.html"">ğŸ’» Reporte</a></li>
<li><a href=""https://tableros.yvera.tur.ar/turismo_internacional/"">ğŸ‘¨ğŸ»â€ğŸ’» Tablero</a> </li>
<li><a href=""http://datos.yvera.gob.ar/dataset?groups=turismo-internacional"">ğŸ“– Datos Abiertos</a> </li>"
2024,5,9,EstadÃ­sticas de turismo internacional (ETI) - Marzo 2024,"<li><a href=""https://tableros.yvera.tur.ar/internacional.html"">ğŸ’» Reporte</a></li>
<li><a href=""https://tableros.yvera.tur.ar/turismo_internacional/"">ğŸ‘¨ğŸ»â€ğŸ’» Tablero</a> </li>
<li><a href=""http://datos.yvera.gob.ar/dataset?groups=turismo-internacional"">ğŸ“– Datos Abiertos</a> </li>"
2024,6,11,EstadÃ­sticas de turismo internacional (ETI) - Abril 2024,"<li><a href=""https://tableros.yvera.tur.ar/internacional.html"">ğŸ’» Reporte</a></li>
<li><a href=""https://tableros.yvera.tur.ar/turismo_internacional/"">ğŸ‘¨ğŸ»â€ğŸ’» Tablero</a> </li>
<li><a href=""http://datos.yvera.gob.ar/dataset?groups=turismo-internacional"">ğŸ“– Datos Abiertos</a> </li>"
2024,7,12,EstadÃ­sticas de turismo internacional (ETI) - Mayo 2024,"<li><a href=""https://tableros.yvera.tur.ar/internacional.html"">ğŸ’» Reporte</a></li>
<li><a href=""https://tableros.yvera.tur.ar/turismo_internacional/"">ğŸ‘¨ğŸ»â€ğŸ’» Tablero</a> </li>
<li><a href=""http://datos.yvera.gob.ar/dataset?groups=turismo-internacional"">ğŸ“– Datos Abiertos</a> </li>"
2024,8,8,EstadÃ­sticas de turismo internacional (ETI) - Junio 2024,"<li><a href=""https://tableros.yvera.tur.ar/internacional.html"">ğŸ’» Reporte</a></li>
<li><a href=""https://tableros.yvera.tur.ar/turismo_internacional/"">ğŸ‘¨ğŸ»â€ğŸ’» Tablero</a> </li>
<li><a href=""http://datos.yvera.gob.ar/dataset?groups=turismo-internacional"">ğŸ“– Datos Abiertos</a> </li>"
2024,8,26,EstadÃ­sticas de turismo internacional (ETI) - Julio 2024,"<li><a href=""https://tableros.yvera.tur.ar/internacional.html"">ğŸ’» Reporte</a></li>
<li><a href=""https://tableros.yvera.tur.ar/turismo_internacional/"">ğŸ‘¨ğŸ»â€ğŸ’» Tablero</a> </li>
<li><a href=""http://datos.yvera.gob.ar/dataset?groups=turismo-internacional"">ğŸ“– Datos Abiertos</a> </li>"
2024,9,26,EstadÃ­sticas de turismo internacional (ETI) - Agosto 2024,"<li><a href=""https://tableros.yvera.tur.ar/internacional.html"">ğŸ’» Reporte</a></li>
<li><a href=""https://tableros.yvera.tur.ar/turismo_internacional/"">ğŸ‘¨ğŸ»â€ğŸ’» Tablero</a> </li>
<li><a href=""http://datos.yvera.gob.ar/dataset?groups=turismo-internacional"">ğŸ“– Datos Abiertos</a> </li>"
2024,10,25,EstadÃ­sticas de turismo internacional (ETI) - Septiembre 2024,"<li><a href=""https://tableros.yvera.tur.ar/internacional.html"">ğŸ’» Reporte</a></li>
<li><a href=""https://tableros.yvera.tur.ar/turismo_internacional/"">ğŸ‘¨ğŸ»â€ğŸ’» Tablero</a> </li>
<li><a href=""http://datos.yvera.gob.ar/dataset?groups=turismo-internacional"">ğŸ“– Datos Abiertos</a> </li>"
2024,11,25,EstadÃ­sticas de turismo internacional (ETI) - Octubre 2024,"<li><a href=""https://tableros.yvera.tur.ar/internacional.html"">ğŸ’» Reporte</a></li>
<li><a href=""https://tableros.yvera.tur.ar/turismo_internacional/"">ğŸ‘¨ğŸ»â€ğŸ’» Tablero</a> </li>
<li><a href=""http://datos.yvera.gob.ar/dataset?groups=turismo-internacional"">ğŸ“– Datos Abiertos</a> </li>"
2024,12,23,EstadÃ­sticas de turismo internacional (ETI) - Noviembre 2024,"<li><a href=""https://tableros.yvera.tur.ar/internacional.html"">ğŸ’» Reporte</a></li>
<li><a href=""https://tableros.yvera.tur.ar/turismo_internacional/"">ğŸ‘¨ğŸ»â€ğŸ’» Tablero</a> </li>
<li><a href=""http://datos.yvera.gob.ar/dataset?groups=turismo-internacional"">ğŸ“– Datos Abiertos</a> </li>"
2025,1,27,EstadÃ­sticas de turismo internacional (ETI) - Diciembre 2024,"<li><a href=""https://tableros.yvera.tur.ar/internacional.html"">ğŸ’» Reporte</a></li>
<li><a href=""https://tableros.yvera.tur.ar/turismo_internacional/"">ğŸ‘¨ğŸ»â€ğŸ’» Tablero</a> </li>
<li><a href=""http://datos.yvera.gob.ar/dataset?groups=turismo-internacional"">ğŸ“– Datos Abiertos</a> </li>"
2025,2,25,EstadÃ­sticas de turismo internacional (ETI) - Enero 2025,"<li><a href=""https://tableros.yvera.tur.ar/internacional.html"">ğŸ’» Reporte</a></li>
<li><a href=""https://tableros.yvera.tur.ar/turismo_internacional/"">ğŸ‘¨ğŸ»â€ğŸ’» Tablero</a> </li>
<li><a href=""http://datos.yvera.gob.ar/dataset?groups=turismo-internacional"">ğŸ“– Datos Abiertos</a> </li>"
2025,3,25,EstadÃ­sticas de turismo internacional (ETI) - Febrero 2025,"<li><a href=""https://tableros.yvera.tur.ar/internacional.html"">ğŸ’» Reporte</a></li>
<li><a href=""https://tableros.yvera.tur.ar/turismo_internacional/"">ğŸ‘¨ğŸ»â€ğŸ’» Tablero</a> </li>
<li><a href=""http://datos.yvera.gob.ar/dataset?groups=turismo-internacional"">ğŸ“– Datos Abiertos</a> </li>"
2025,4,25,EstadÃ­sticas de turismo internacional (ETI) - Marzo 2025,"<li><a href=""https://tableros.yvera.tur.ar/internacional.html"">ğŸ’» Reporte</a></li>
<li><a href=""https://tableros.yvera.tur.ar/turismo_internacional/"">ğŸ‘¨ğŸ»â€ğŸ’» Tablero</a> </li>
<li><a href=""http://datos.yvera.gob.ar/dataset?groups=turismo-internacional"">ğŸ“– Datos Abiertos</a> </li>"
2025,5,26,EstadÃ­sticas de turismo internacional (ETI) - Abril 2025,"<li><a href=""https://tableros.yvera.tur.ar/internacional.html"">ğŸ’» Reporte</a></li>
<li><a href=""https://tableros.yvera.tur.ar/turismo_internacional/"">ğŸ‘¨ğŸ»â€ğŸ’» Tablero</a> </li>
<li><a href=""http://datos.yvera.gob.ar/dataset?groups=turismo-internacional"">ğŸ“– Datos Abiertos</a> </li>"
2025,6,25,EstadÃ­sticas de turismo internacional (ETI) - Mayo 2025,"<li><a href=""https://tableros.yvera.tur.ar/internacional.html"">ğŸ’» Reporte</a></li>
<li><a href=""https://tableros.yvera.tur.ar/turismo_internacional/"">ğŸ‘¨ğŸ»â€ğŸ’» Tablero</a> </li>
<li><a href=""http://datos.yvera.gob.ar/dataset?groups=turismo-internacional"">ğŸ“– Datos Abiertos</a> </li>"
2025,7,29,EstadÃ­sticas de turismo internacional (ETI) - Junio 2025,"<li><a href=""https://tableros.yvera.tur.ar/internacional.html"">ğŸ’» Reporte</a></li>
<li><a href=""https://tableros.yvera.tur.ar/turismo_internacional/"">ğŸ‘¨ğŸ»â€ğŸ’» Tablero</a> </li>
<li><a href=""http://datos.yvera.gob.ar/dataset?groups=turismo-internacional"">ğŸ“– Datos Abiertos</a> </li>"
2025,8,26,EstadÃ­sticas de turismo internacional (ETI) - Julio 2025,"<li><a href=""https://tableros.yvera.tur.ar/internacional.html"">ğŸ’» Reporte</a></li>
<li><a href=""https://tableros.yvera.tur.ar/turismo_internacional/"">ğŸ‘¨ğŸ»â€ğŸ’» Tablero</a> </li>
<li><a href=""http://datos.yvera.gob.ar/dataset?groups=turismo-internacional"">ğŸ“– Datos Abiertos</a> </li>"
2025,9,25,EstadÃ­sticas de turismo internacional (ETI) - Agosto 2025,"<li><a href=""https://tableros.yvera.tur.ar/internacional.html"">ğŸ’» Reporte</a></li>
<li><a href=""https://tableros.yvera.tur.ar/turismo_internacional/"">ğŸ‘¨ğŸ»â€ğŸ’» Tablero</a> </li>
<li><a href=""http://datos.yvera.gob.ar/dataset?groups=turismo-internacional"">ğŸ“– Datos Abiertos</a> </li>"
2025,10,27,EstadÃ­sticas de turismo internacional (ETI) - Septiembre 2025,"<li><a href=""https://tableros.yvera.tur.ar/internacional.html"">ğŸ’» Reporte</a></li>
<li><a href=""https://tableros.yvera.tur.ar/turismo_internacional/"">ğŸ‘¨ğŸ»â€ğŸ’» Tablero</a> </li>
<li><a href=""http://datos.yvera.gob.ar/dataset?groups=turismo-internacional"">ğŸ“– Datos Abiertos</a> </li>"
2025,11,27,EstadÃ­sticas de turismo internacional (ETI) - Octubre 2025,"<li><a href=""https://tableros.yvera.tur.ar/internacional.html"">ğŸ’» Reporte</a></li>
<li><a href=""https://tableros.yvera.tur.ar/turismo_internacional/"">ğŸ‘¨ğŸ»â€ğŸ’» Tablero</a> </li>
<li><a href=""http://datos.yvera.gob.ar/dataset?groups=turismo-internacional"">ğŸ“– Datos Abiertos</a> </li>"
2025,12,23,EstadÃ­sticas de turismo internacional (ETI) - Noviembre 2025,"<li><a href=""https://tableros.yvera.tur.ar/internacional.html"">ğŸ’» Reporte</a></li>
<li><a href=""https://tableros.yvera.tur.ar/turismo_internacional/"">ğŸ‘¨ğŸ»â€ğŸ’» Tablero</a> </li>
<li><a href=""http://datos.yvera.gob.ar/dataset?groups=turismo-internacional"">ğŸ“– Datos Abiertos</a> </li>"
2023,10,9,Estadisticas de visitas en Ãreas Protegidas - Febrero 2023,"<li><a href=""https://tableros.yvera.tur.ar/parques_nacionales.html"">ğŸ’» Reporte</a></li>
<li><a href=""https://www.yvera.tur.ar/sinta/informe/info/parques-nacionales"">ğŸ”— Informe</a> </li>
<li><a href=""http://datos.yvera.gob.ar/dataset/parques-nacionales"">ğŸ“– Datos Abiertos</a> </li>"
2023,11,3,Estadisticas de visitas en Ãreas Protegidas - Marzo 2023,"<li><a href=""https://tableros.yvera.tur.ar/parques_nacionales.html"">ğŸ’» Reporte</a></li>
<li><a href=""https://www.yvera.tur.ar/sinta/informe/info/parques-nacionales"">ğŸ”— Informe</a> </li>
<li><a href=""http://datos.yvera.gob.ar/dataset/parques-nacionales"">ğŸ“– Datos Abiertos</a> </li>"
2023,11,17,Estadisticas de visitas en Ãreas Protegidas - Abril 2023,"<li><a href=""https://tableros.yvera.tur.ar/parques_nacionales.html"">ğŸ’» Reporte</a></li>
<li><a href=""https://www.yvera.tur.ar/sinta/informe/info/parques-nacionales"">ğŸ”— Informe</a> </li>
<li><a href=""http://datos.yvera.gob.ar/dataset/parques-nacionales"">ğŸ“– Datos Abiertos</a> </li>"
2023,11,23,Estadisticas de visitas en Ãreas Protegidas - Mayo 2023,"<li><a href=""https://tableros.yvera.tur.ar/parques_nacionales.html"">ğŸ’» Reporte</a></li>
<li><a href=""https://www.yvera.tur.ar/sinta/informe/info/parques-nacionales"">ğŸ”— Informe</a> </li>
<li><a href=""http://datos.yvera.gob.ar/dataset/parques-nacionales"">ğŸ“– Datos Abiertos</a> </li>"
2023,11,23,Estadisticas de visitas en Ãreas Protegidas - Junio 2023,"<li><a href=""https://tableros.yvera.tur.ar/parques_nacionales.html"">ğŸ’» Reporte</a></li>
<li><a href=""https://www.yvera.tur.ar/sinta/informe/info/parques-nacionales"">ğŸ”— Informe</a> </li>
<li><a href=""http://datos.yvera.gob.ar/dataset/parques-nacionales"">ğŸ“– Datos Abiertos</a> </li>"
2023,11,30,Estadisticas de visitas en Ãreas Protegidas - Julio 2023,"<li><a href=""https://tableros.yvera.tur.ar/parques_nacionales.html"">ğŸ’» Reporte</a></li>
<li><a href=""https://www.yvera.tur.ar/sinta/informe/info/parques-nacionales"">ğŸ”— Informe</a> </li>
<li><a href=""http://datos.yvera.gob.ar/dataset/parques-nacionales"">ğŸ“– Datos Abiertos</a> </li>"
2023,11,30,Estadisticas de visitas en Ãreas Protegidas - Agosto 2023,"<li><a href=""https://tableros.yvera.tur.ar/parques_nacionales.html"">ğŸ’» Reporte</a></li>
<li><a href=""https://www.yvera.tur.ar/sinta/informe/info/parques-nacionales"">ğŸ”— Informe</a> </li>
<li><a href=""http://datos.yvera.gob.ar/dataset/parques-nacionales"">ğŸ“– Datos Abiertos</a> </li>"
2023,12,11,Estadisticas de visitas en Ãreas Protegidas - Septiembre 2023,"<li><a href=""https://tableros.yvera.tur.ar/parques_nacionales.html"">ğŸ’» Reporte</a></li>
<li><a href=""https://www.yvera.tur.ar/sinta/informe/info/parques-nacionales"">ğŸ”— Informe</a> </li>
<li><a href=""http://datos.yvera.gob.ar/dataset/parques-nacionales"">ğŸ“– Datos Abiertos</a> </li>"
2023,12,11,Estadisticas de visitas en Ãreas Protegidas - Octubre 2023,"<li><a href=""https://tableros.yvera.tur.ar/parques_nacionales.html"">ğŸ’» Reporte</a></li>
<li><a href=""https://www.yvera.tur.ar/sinta/informe/info/parques-nacionales"">ğŸ”— Informe</a> </li>
<li><a href=""http://datos.yvera.gob.ar/dataset/parques-nacionales"">ğŸ“– Datos Abiertos</a> </li>"
2024,1,19,Estadisticas de visitas en Ãreas Protegidas - Noviembre 2023,"<li><a href=""https://tableros.yvera.tur.ar/areas_protegidas.html"">ğŸ’» Reporte</a></li>
<li><a href=""https://www.yvera.tur.ar/sinta/informe/info/areas-protegidas"">ğŸ”— Informe</a> </li>
<li><a href=""https://datos.yvera.gob.ar/dataset?groups=turismo-naturaleza"">ğŸ“– Datos Abiertos</a> </li>
<li><a href=""https://tableros.yvera.tur.ar/tablero_areas_protegidas/"">ğŸ’» Tablero</a> </li>"
2024,1,26,Estadisticas de visitas en Ãreas Protegidas - Diciembre 2023,"<li><a href=""https://tableros.yvera.tur.ar/areas_protegidas.html"">ğŸ’» Reporte</a></li>
<li><a href=""https://www.yvera.tur.ar/sinta/informe/info/areas-protegidas"">ğŸ”— Informe</a> </li>
<li><a href=""https://datos.yvera.gob.ar/dataset?groups=turismo-naturaleza"">ğŸ“– Datos Abiertos</a> </li>
<li><a href=""https://tableros.yvera.tur.ar/tablero_areas_protegidas/"">ğŸ’» Tablero</a> </li>"
2024,2,26,Estadisticas de visitas en Ãreas Protegidas - Enero 2024,"<li><a href=""https://tableros.yvera.tur.ar/areas_protegidas.html"">ğŸ’» Reporte</a></li>
<li><a href=""https://www.yvera.tur.ar/sinta/informe/info/areas-protegidas"">ğŸ”— Informe</a> </li>
<li><a href=""https://datos.yvera.gob.ar/dataset?groups=turismo-naturaleza"">ğŸ“– Datos Abiertos</a> </li>
<li><a href=""https://tableros.yvera.tur.ar/tablero_areas_protegidas/"">ğŸ’» Tablero</a> </li>"
2024,3,18,Estadisticas de visitas en Ãreas Protegidas - Febrero 2024,"<li><a href=""https://tableros.yvera.tur.ar/areas_protegidas.html"">ğŸ’» Reporte</a></li>
<li><a href=""https://www.yvera.tur.ar/sinta/informe/info/areas-protegidas"">ğŸ”— Informe</a> </li>
<li><a href=""https://datos.yvera.gob.ar/dataset?groups=turismo-naturaleza"">ğŸ“– Datos Abiertos</a> </li>
<li><a href=""https://tableros.yvera.tur.ar/tablero_areas_protegidas/"">ğŸ’» Tablero</a> </li>"
2024,4,26,Estadisticas de visitas en Ãreas Protegidas - Marzo 2024,"<li><a href=""https://tableros.yvera.tur.ar/areas_protegidas.html"">ğŸ’» Reporte</a></li>
<li><a href=""https://www.yvera.tur.ar/sinta/informe/info/areas-protegidas"">ğŸ”— Informe</a> </li>
<li><a href=""https://datos.yvera.gob.ar/dataset?groups=turismo-naturaleza"">ğŸ“– Datos Abiertos</a> </li>
<li><a href=""https://tableros.yvera.tur.ar/tablero_areas_protegidas/"">ğŸ’» Tablero</a> </li>"
2024,6,5,Estadisticas de visitas en Ãreas Protegidas - Abril 2024,"<li><a href=""https://www.yvera.tur.ar/sinta/informe/info/areas-protegidas"">ğŸ”— Informe</a> </li>
<li><a href=""https://datos.yvera.gob.ar/dataset?groups=turismo-naturaleza"">ğŸ“– Datos Abiertos</a> </li>
<li><a href=""https://tableros.yvera.tur.ar/tablero_areas_protegidas/"">ğŸ’» Tablero</a> </li>"
2024,7,8,Estadisticas de visitas en Ãreas Protegidas - Mayo 2024,"<li><a href=""https://tableros.yvera.tur.ar/areas_protegidas.html"">ğŸ’» Reporte</a></li>
<li><a href=""https://www.yvera.tur.ar/sinta/informe/info/areas-protegidas"">ğŸ”— Informe</a> </li>
<li><a href=""https://datos.yvera.gob.ar/dataset?groups=turismo-naturaleza"">ğŸ“– Datos Abiertos</a> </li>
<li><a href=""https://tableros.yvera.tur.ar/tablero_areas_protegidas/"">ğŸ’» Tablero</a> </li>"
2024,8,2,Estadisticas de visitas en Ãreas Protegidas - Junio 2024,"<li><a href=""https://tableros.yvera.tur.ar/areas_protegidas.html"">ğŸ’» Reporte</a></li>
<li><a href=""https://www.yvera.tur.ar/sinta/informe/info/areas-protegidas"">ğŸ”— Informe</a> </li>
<li><a href=""https://datos.yvera.gob.ar/dataset?groups=turismo-naturaleza"">ğŸ“– Datos Abiertos</a> </li>
<li><a href=""https://tableros.yvera.tur.ar/tablero_areas_protegidas/"">ğŸ’» Tablero</a> </li>"
2024,9,6,Estadisticas de visitas en Ãreas Protegidas - Julio 2024,"<li><a href=""https://tableros.yvera.tur.ar/areas_protegidas.html"">ğŸ’» Reporte</a></li>
<li><a href=""https://www.yvera.tur.ar/sinta/informe/info/areas-protegidas"">ğŸ”— Informe</a> </li>
<li><a href=""https://datos.yvera.gob.ar/dataset?groups=turismo-naturaleza"">ğŸ“– Datos Abiertos</a> </li>
<li><a href=""https://tableros.yvera.tur.ar/tablero_areas_protegidas/"">ğŸ’» Tablero</a> </li>"
2024,9,26,Estadisticas de visitas en Ãreas Protegidas - Agosto 2024,"<li><a href=""https://tableros.yvera.tur.ar/areas_protegidas.html"">ğŸ’» Reporte</a></li>
<li><a href=""https://www.yvera.tur.ar/sinta/informe/info/areas-protegidas"">ğŸ”— Informe</a> </li>
<li><a href=""https://datos.yvera.gob.ar/dataset?groups=turismo-naturaleza"">ğŸ“– Datos Abiertos</a> </li>
<li><a href=""https://tableros.yvera.tur.ar/tablero_areas_protegidas/"">ğŸ’» Tablero</a> </li>"
2024,10,29,Estadisticas de visitas en Ãreas Protegidas - Septiembre 2024,"<li><a href=""https://tableros.yvera.tur.ar/areas_protegidas.html"">ğŸ’» Reporte</a></li>
<li><a href=""https://www.yvera.tur.ar/sinta/informe/info/areas-protegidas"">ğŸ”— Informe</a> </li>
<li><a href=""https://datos.yvera.gob.ar/dataset?groups=turismo-naturaleza"">ğŸ“– Datos Abiertos</a> </li>
<li><a href=""https://tableros.yvera.tur.ar/tablero_areas_protegidas/"">ğŸ’» Tablero</a> </li>"
2024,11,29,Estadisticas de visitas en Ãreas Protegidas - Octubre 2024,"<li><a href=""https://tableros.yvera.tur.ar/areas_protegidas.html"">ğŸ’» Reporte</a></li>
<li><a href=""https://www.yvera.tur.ar/sinta/informe/info/areas-protegidas"">ğŸ”— Informe</a> </li>
<li><a href=""https://datos.yvera.gob.ar/dataset?groups=turismo-naturaleza"">ğŸ“– Datos Abiertos</a> </li>
<li><a href=""https://tableros.yvera.tur.ar/tablero_areas_protegidas/"">ğŸ’» Tablero</a> </li>"
2024,7,19,PadrÃ³n Ãšnico Nacional de Alojamiento (PUNA) - AÃ±o 2023,"<li><a href=""http://datos.yvera.gob.ar/dataset/padron-unico-nacional-alojamiento"">ğŸ“– Datos Abiertos</a> </li>
<li><a href=""https://tableros.yvera.tur.ar/puna/"">ğŸ’» Tablero</a> </li>"
2023,2,28,EstadÃ­sticas de visitas en Parques Nacionales - Julio 2022,"<li><a href=""https://tableros.yvera.tur.ar/areas_protegidas.html"">ğŸ’» Reporte</a></li>
<li><a href=""https://www.yvera.tur.ar/sinta/informe/info/areas-protegidas"">ğŸ”— Informe</a> </li>
<li><a href=""https://datos.yvera.gob.ar/dataset?groups=turismo-naturaleza"">ğŸ“– Datos Abiertos</a> </li>
<li><a href=""https://tableros.yvera.tur.ar/tablero_areas_protegidas/"">ğŸ’» Tablero</a> </li>"
2023,6,21,EstadÃ­sticas de visitas en Parques Nacionales - Agosto 2022,"<li><a href=""https://tableros.yvera.tur.ar/areas_protegidas.html"">ğŸ’» Reporte</a></li>
<li><a href=""https://www.yvera.tur.ar/sinta/informe/info/areas-protegidas"">ğŸ”— Informe</a> </li>
<li><a href=""https://datos.yvera.gob.ar/dataset?groups=turismo-naturaleza"">ğŸ“– Datos Abiertos</a> </li>
<li><a href=""https://tableros.yvera.tur.ar/tablero_areas_protegidas/"">ğŸ’» Tablero</a> </li>"
2023,6,21,EstadÃ­sticas de visitas en Parques Nacionales - Septiembre 2022,"<li><a href=""https://tableros.yvera.tur.ar/areas_protegidas.html"">ğŸ’» Reporte</a></li>
<li><a href=""https://www.yvera.tur.ar/sinta/informe/info/areas-protegidas"">ğŸ”— Informe</a> </li>
<li><a href=""https://datos.yvera.gob.ar/dataset?groups=turismo-naturaleza"">ğŸ“– Datos Abiertos</a> </li>
<li><a href=""https://tableros.yvera.tur.ar/tablero_areas_protegidas/"">ğŸ’» Tablero</a> </li>"
2023,6,21,EstadÃ­sticas de visitas en Parques Nacionales - Octubre 2022,"<li><a href=""https://tableros.yvera.tur.ar/areas_protegidas.html"">ğŸ’» Reporte</a></li>
<li><a href=""https://www.yvera.tur.ar/sinta/informe/info/areas-protegidas"">ğŸ”— Informe</a> </li>
<li><a href=""https://datos.yvera.gob.ar/dataset?groups=turismo-naturaleza"">ğŸ“– Datos Abiertos</a> </li>
<li><a href=""https://tableros.yvera.tur.ar/tablero_areas_protegidas/"">ğŸ’» Tablero</a> </li>"
2023,6,21,EstadÃ­sticas de visitas en Parques Nacionales - Noviembre 2022,"<li><a href=""https://tableros.yvera.tur.ar/areas_protegidas.html"">ğŸ’» Reporte</a></li>
<li><a href=""https://www.yvera.tur.ar/sinta/informe/info/areas-protegidas"">ğŸ”— Informe</a> </li>
<li><a href=""https://datos.yvera.gob.ar/dataset?groups=turismo-naturaleza"">ğŸ“– Datos Abiertos</a> </li>
<li><a href=""https://tableros.yvera.tur.ar/tablero_areas_protegidas/"">ğŸ’» Tablero</a> </li>"
2023,6,21,EstadÃ­sticas de visitas en Parques Nacionales - Diciembre 2022,"<li><a href=""https://tableros.yvera.tur.ar/areas_protegidas.html"">ğŸ’» Reporte</a></li>
<li><a href=""https://www.yvera.tur.ar/sinta/informe/info/areas-protegidas"">ğŸ”— Informe</a> </li>
<li><a href=""https://datos.yvera.gob.ar/dataset?groups=turismo-naturaleza"">ğŸ“– Datos Abiertos</a> </li>
<li><a href=""https://tableros.yvera.tur.ar/tablero_areas_protegidas/"">ğŸ’» Tablero</a> </li>"
2023,8,16,EstadÃ­sticas de visitas en Parques Nacionales - Enero 2023,"<li><a href=""https://tableros.yvera.tur.ar/areas_protegidas.html"">ğŸ’» Reporte</a></li>
<li><a href=""https://www.yvera.tur.ar/sinta/informe/info/areas-protegidas"">ğŸ”— Informe</a> </li>
<li><a href=""https://datos.yvera.gob.ar/dataset?groups=turismo-naturaleza"">ğŸ“– Datos Abiertos</a> </li>
<li><a href=""https://tableros.yvera.tur.ar/tablero_areas_protegidas/"">ğŸ’» Tablero</a> </li>"
2023,2,13,EstadÃ­sticas de visitas en Parques Nacionales - Mayo 2022,"<li><a href=""https://tableros.yvera.tur.ar/areas_protegidas.html"">ğŸ’» Reporte</a></li>
<li><a href=""https://www.yvera.tur.ar/sinta/informe/info/areas-protegidas"">ğŸ”— Informe</a> </li>
<li><a href=""https://datos.yvera.gob.ar/dataset?groups=turismo-naturaleza"">ğŸ“– Datos Abiertos</a> </li>
<li><a href=""https://tableros.yvera.tur.ar/tablero_areas_protegidas/"">ğŸ’» Tablero</a> </li>"
2023,12,12,Informe Anual - EVyTH 2022,"<li><a href=""https://tableros.yvera.tur.ar/interno.html"">ğŸ’» Reportes</a> </li>
<li><a href=""https://www.yvera.tur.ar/sinta/informe/info/encuesta-de-viajes-y-turismo-de-los-hogares-evyth"">ğŸ”— Informe</a></li>
<li><a href=""https://datos.yvera.gob.ar/dataset?groups=turismo-interno"">ğŸ“– Datos Abiertos</a> </li>"
2023,12,12,Informe Anual - EVyTH 2021,"<li><a href=""https://tableros.yvera.tur.ar/interno.html"">ğŸ’» Reportes</a> </li>
<li><a href=""https://www.yvera.tur.ar/sinta/informe/info/encuesta-de-viajes-y-turismo-de-los-hogares-evyth"">ğŸ”— Informe</a></li>
<li><a href=""https://datos.yvera.gob.ar/dataset?groups=turismo-interno"">ğŸ“– Datos Abiertos</a> </li>"
2023,12,12,Informe Anual - EVyTH 2020,"<li><a href=""https://tableros.yvera.tur.ar/interno.html"">ğŸ’» Reportes</a> </li>
<li><a href=""https://www.yvera.tur.ar/sinta/informe/info/encuesta-de-viajes-y-turismo-de-los-hogares-evyth"">ğŸ”— Informe</a></li>
<li><a href=""https://datos.yvera.gob.ar/dataset?groups=turismo-interno"">ğŸ“– Datos Abiertos</a> </li>"
2025,1,17,Estadisticas de visitas en Ãreas Protegidas - Noviembre 2024,"<li><a href=""https://tableros.yvera.tur.ar/parques_nacionales.html"">ğŸ’» Reporte</a></li>
<li><a href=""https://www.yvera.tur.ar/sinta/informe/info/parques-nacionales"">ğŸ”— Informe</a> </li>
<li><a href=""http://datos.yvera.gob.ar/dataset/parques-nacionales"">ğŸ“– Datos Abiertos</a> </li>"
2024,2,27,ActualizaciÃ³n de datos: Conectividad Terrestre Interurbana - Enero 2024,"<li><a href=""https://tableros.yvera.tur.ar/conectividad_terrestre/"">ğŸ”— Tablero</a> </li>
<li><a href=""https://datos.yvera.gob.ar/dataset/conectividad-terrestre-interurbana"">ğŸ“– Datos Abiertos</a> </li>"
2024,3,15,PublicaciÃ³n de nuevos datos de conectividad interurbana terrestre: Servicios de Turismo,"<li><a href=""https://bitacora.yvera.tur.ar/posts/2024-03-15-dut-cnrt/"">ğŸ’» Post BitÃ¡cora</a></li>
<li><a href=""https://tableros.yvera.tur.ar/conectividad_terrestre/"">ğŸ”— Tablero</a> </li>
<li><a href=""https://datos.yvera.gob.ar/dataset/conectividad-terrestre-interurbana"">ğŸ“– Datos Abiertos</a> </li>"
2024,8,2,Encuesta de Viajes y Turismo de los Hogares (EVyTH) - III trimestre de 2023,"<li><a href=""https://www.yvera.tur.ar/sinta/informe/info/encuesta-de-viajes-y-turismo-de-los-hogares-evyth"">ğŸ”— Informe</a></li>"
2024,11,15,Datos de Conectividad AÃ©rea octubre 2024,"<li><a href=""https://tableros.yvera.tur.ar/conectividad.html""> ğŸ’» Reporte de Conectividad AÃ©rea</a> </li>
<li><a href=""https://datos.yvera.gob.ar/dataset/conectividad-aerea"">ğŸ“– Datos Abiertos</a> </li>
<li><a href=""https://tableros.yvera.tur.ar/conectividad/"">âœˆï¸ Tablero de Conectividad AÃ©rea</a> </li>"
2025,1,31,Informe Mensual de EstadÃ­sticas de Turismo (IMET) - enero de 2025,"<li><a href=""https://biblioteca.yvera.tur.ar/coyuntura.html"">ğŸ”— Informe</a></li>"
2025,2,28,Informe Mensual de EstadÃ­sticas de Turismo (IMET) - febrero de 2025,"<li><a href=""https://biblioteca.yvera.tur.ar/coyuntura.html"">ğŸ”— Informe</a></li>"
2025,3,31,Informe Mensual de EstadÃ­sticas de Turismo (IMET) - marzo de 2025,"<li><a href=""https://biblioteca.yvera.tur.ar/coyuntura.html"">ğŸ”— Informe</a></li>"
2025,4,30,Informe Mensual de EstadÃ­sticas de Turismo (IMET) - abril de 2025,"<li><a href=""https://biblioteca.yvera.tur.ar/coyuntura.html"">ğŸ”— Informe</a></li>"
2025,5,30,Informe Mensual de EstadÃ­sticas de Turismo (IMET) - mayo de 2025,"<li><a href=""https://biblioteca.yvera.tur.ar/coyuntura.html"">ğŸ”— Informe</a></li>"
2025,1,2,Reporte Mercado de Cambios - noviembre de 2024,"<li><a href=""https://tableros.yvera.tur.ar/mulc.html"">ğŸ’» Reporte</a></li>"
2025,2,3,Reporte Mercado de Cambios - diciembre de 2024,"<li><a href=""https://tableros.yvera.tur.ar/mulc.html"">ğŸ’» Reporte</a></li>"
2025,3,6,Reporte Mercado de Cambios - enero de 2025,"<li><a href=""https://tableros.yvera.tur.ar/mulc.html"">ğŸ’» Reporte</a></li>"
2025,4,3,Reporte Mercado de Cambios - febrero de 2025,"<li><a href=""https://tableros.yvera.tur.ar/mulc.html"">ğŸ’» Reporte</a></li>"
2025,5,5,Reporte Mercado de Cambios - marzo de 2025,"<li><a href=""https://tableros.yvera.tur.ar/mulc.html"">ğŸ’» Reporte</a></li>"
2025,6,2,Reporte Mercado de Cambios - abril de 2025,"<li><a href=""https://tableros.yvera.tur.ar/mulc.html"">ğŸ’» Reporte</a></li>"
2025,2,14,Estadisticas de visitas en Ãreas Protegidas - Diciembre 2024,"<li><a href=""https://tableros.yvera.tur.ar/areas_protegidas.html"">ğŸ’» Reporte</a></li>
<li><a href=""https://www.yvera.tur.ar/sinta/informe/info/areas-protegidas"">ğŸ”— Informe</a> </li>
<li><a href=""http://datos.yvera.gob.ar/dataset?groups=turismo-naturaleza"">ğŸ“– Datos Abiertos</a> </li>"
2025,3,7,Estadisticas de visitas en Ãreas Protegidas - Enero 2025,"<li><a href=""https://tableros.yvera.tur.ar/areas_protegidas.html"">ğŸ’» Reporte</a></li>
<li><a href=""https://www.yvera.tur.ar/sinta/informe/info/areas-protegidas"">ğŸ”— Informe</a> </li>
<li><a href=""http://datos.yvera.gob.ar/dataset?groups=turismo-naturaleza"">ğŸ“– Datos Abiertos</a> </li>"
2025,4,11,Estadisticas de visitas en Ãreas Protegidas - Febrero 2025,"<li><a href=""https://tableros.yvera.tur.ar/areas_protegidas.html"">ğŸ’» Reporte</a></li>
<li><a href=""https://www.yvera.tur.ar/sinta/informe/info/areas-protegidas"">ğŸ”— Informe</a> </li>
<li><a href=""http://datos.yvera.gob.ar/dataset?groups=turismo-naturaleza"">ğŸ“– Datos Abiertos</a> </li>"
2025,4,30,Estadisticas de visitas en Ãreas Protegidas - Marzo 2025,"<li><a href=""https://tableros.yvera.tur.ar/areas_protegidas.html"">ğŸ’» Reporte</a></li>
<li><a href=""https://www.yvera.tur.ar/sinta/informe/info/areas-protegidas"">ğŸ”— Informe</a> </li>
<li><a href=""http://datos.yvera.gob.ar/dataset?groups=turismo-naturaleza"">ğŸ“– Datos Abiertos</a> </li>"
2025,5,28,Estadisticas de visitas en Ãreas Protegidas - Abril 2025,"<li><a href=""https://tableros.yvera.tur.ar/areas_protegidas.html"">ğŸ’» Reporte</a></li>
<li><a href=""https://www.yvera.tur.ar/sinta/informe/info/areas-protegidas"">ğŸ”— Informe</a> </li>
<li><a href=""http://datos.yvera.gob.ar/dataset?groups=turismo-naturaleza"">ğŸ“– Datos Abiertos</a> </li>"
2025,1,20,PublicaciÃ³n de nuevos datos: Conectividad Terrestre Interurbana - Diciembre 2024,"<li><a href=""https://tableros.yvera.tur.ar/conectividad_terrestre.html"">ğŸ’» Reporte</a></li>
<li><a href=""https://tableros.yvera.tur.ar/conectividad_terrestre/"">ğŸ”— Tablero</a> </li>
<li><a href=""https://datos.yvera.gob.ar/dataset/conectividad-terrestre-interurbana"">ğŸ“– Datos Abiertos</a> </li>"
2025,2,20,PublicaciÃ³n de nuevos datos: Conectividad Terrestre Interurbana - Enero 2025,"<li><a href=""https://tableros.yvera.tur.ar/conectividad_terrestre.html"">ğŸ’» Reporte</a></li>
<li><a href=""https://tableros.yvera.tur.ar/conectividad_terrestre/"">ğŸ”— Tablero</a> </li>
<li><a href=""https://datos.yvera.gob.ar/dataset/conectividad-terrestre-interurbana"">ğŸ“– Datos Abiertos</a> </li>"
2025,3,17,PublicaciÃ³n de nuevos datos: Conectividad Terrestre Interurbana - Febrero 2025,"<li><a href=""https://tableros.yvera.tur.ar/conectividad_terrestre.html"">ğŸ’» Reporte</a></li>
<li><a href=""https://tableros.yvera.tur.ar/conectividad_terrestre/"">ğŸ”— Tablero</a> </li>
<li><a href=""https://datos.yvera.gob.ar/dataset/conectividad-terrestre-interurbana"">ğŸ“– Datos Abiertos</a> </li>"
2025,4,21,PublicaciÃ³n de nuevos datos: Conectividad Terrestre Interurbana - Marzo 2025,"<li><a href=""https://tableros.yvera.tur.ar/conectividad_terrestre.html"">ğŸ’» Reporte</a></li>
<li><a href=""https://tableros.yvera.tur.ar/conectividad_terrestre/"">ğŸ”— Tablero</a> </li>
<li><a href=""https://datos.yvera.gob.ar/dataset/conectividad-terrestre-interurbana"">ğŸ“– Datos Abiertos</a> </li>"
2025,5,22,PublicaciÃ³n de nuevos datos: Conectividad Terrestre Interurbana - Abril 2025,"<li><a href=""https://tableros.yvera.tur.ar/conectividad_terrestre.html"">ğŸ’» Reporte</a></li>
<li><a href=""https://tableros.yvera.tur.ar/conectividad_terrestre/"">ğŸ”— Tablero</a> </li>
<li><a href=""https://datos.yvera.gob.ar/dataset/conectividad-terrestre-interurbana"">ğŸ“– Datos Abiertos</a> </li>"
2025,6,20,PublicaciÃ³n de nuevos datos: Conectividad Terrestre Interurbana - Mayo 2025,"<li><a href=""https://tableros.yvera.tur.ar/conectividad_terrestre.html"">ğŸ’» Reporte</a></li>
<li><a href=""https://tableros.yvera.tur.ar/conectividad_terrestre/"">ğŸ”— Tablero</a> </li>
<li><a href=""https://datos.yvera.gob.ar/dataset/conectividad-terrestre-interurbana"">ğŸ“– Datos Abiertos</a> </li>"
2025,7,22,PublicaciÃ³n de nuevos datos: Conectividad Terrestre Interurbana - Junio 2025,"<li><a href=""https://tableros.yvera.tur.ar/conectividad_terrestre.html"">ğŸ’» Reporte</a></li>
<li><a href=""https://tableros.yvera.tur.ar/conectividad_terrestre/"">ğŸ”— Tablero</a> </li>
<li><a href=""https://datos.yvera.gob.ar/dataset/conectividad-terrestre-interurbana"">ğŸ“– Datos Abiertos</a> </li>"
2025,8,21,PublicaciÃ³n de nuevos datos: Conectividad Terrestre Interurbana - Julio 2025,"<li><a href=""https://tableros.yvera.tur.ar/conectividad_terrestre.html"">ğŸ’» Reporte</a></li>
<li><a href=""https://tableros.yvera.tur.ar/conectividad_terrestre/"">ğŸ”— Tablero</a> </li>"
2025,9,12,PublicaciÃ³n de nuevos datos: Conectividad Terrestre Interurbana - Agosto 2025,"<li><a href=""https://tableros.yvera.tur.ar/conectividad_terrestre.html"">ğŸ’» Reporte</a></li>
<li><a href=""https://tableros.yvera.tur.ar/conectividad_terrestre/"">ğŸ”— Tablero</a> </li>"
2025,1,21,PublicaciÃ³n de nuevos datos: Conectividad AÃ©rea - Diciembre 2024,"<li><a href=""https://tableros.yvera.tur.ar/conectividad.html""> ğŸ’» Reporte de Conectividad AÃ©rea</a> </li>
<li><a href=""https://datos.yvera.gob.ar/dataset/conectividad-aerea"">ğŸ“– Datos Abiertos</a> </li>
<li><a href=""https://tableros.yvera.tur.ar/conectividad/"">âœˆï¸ Tablero de Conectividad AÃ©rea</a> </li>"
2025,2,27,PublicaciÃ³n de nuevos datos: Conectividad AÃ©rea - Enero 2025,"<li><a href=""https://tableros.yvera.tur.ar/conectividad.html""> ğŸ’» Reporte de Conectividad AÃ©rea</a> </li>
<li><a href=""https://datos.yvera.gob.ar/dataset/conectividad-aerea"">ğŸ“– Datos Abiertos</a> </li>
<li><a href=""https://tableros.yvera.tur.ar/conectividad/"">âœˆï¸ Tablero de Conectividad AÃ©rea</a> </li>"
2025,3,21,PublicaciÃ³n de nuevos datos: Conectividad AÃ©rea - Febrero 2025,"<li><a href=""https://tableros.yvera.tur.ar/conectividad.html""> ğŸ’» Reporte de Conectividad AÃ©rea</a> </li>
<li><a href=""https://datos.yvera.gob.ar/dataset/conectividad-aerea"">ğŸ“– Datos Abiertos</a> </li>
<li><a href=""https://tableros.yvera.tur.ar/conectividad/"">âœˆï¸ Tablero de Conectividad AÃ©rea</a> </li>"
2025,4,28,PublicaciÃ³n de nuevos datos: Conectividad AÃ©rea - Marzo 2025,"<li><a href=""https://tableros.yvera.tur.ar/conectividad.html""> ğŸ’» Reporte de Conectividad AÃ©rea</a> </li>
<li><a href=""https://datos.yvera.gob.ar/dataset/conectividad-aerea"">ğŸ“– Datos Abiertos</a> </li>
<li><a href=""https://tableros.yvera.tur.ar/conectividad/"">âœˆï¸ Tablero de Conectividad AÃ©rea</a> </li>"
2025,6,25,PublicaciÃ³n de nuevos datos: Conectividad AÃ©rea - Mayo 2025,"<li><a href=""https://tableros.yvera.tur.ar/conectividad.html""> ğŸ’» Reporte de Conectividad AÃ©rea</a> </li>
<li><a href=""https://datos.yvera.gob.ar/dataset/conectividad-aerea"">ğŸ“– Datos Abiertos</a> </li>
<li><a href=""https://tableros.yvera.tur.ar/conectividad/"">âœˆï¸ Tablero de Conectividad AÃ©rea</a> </li>"
2025,7,23,PublicaciÃ³n de nuevos datos: Conectividad AÃ©rea - Junio 2025,"<li><a href=""https://tableros.yvera.tur.ar/conectividad.html""> ğŸ’» Reporte de Conectividad AÃ©rea</a> </li>
<li><a href=""https://datos.yvera.gob.ar/dataset/conectividad-aerea"">ğŸ“– Datos Abiertos</a> </li>
<li><a href=""https://tableros.yvera.tur.ar/conectividad/"">âœˆï¸ Tablero de Conectividad AÃ©rea</a> </li>"
2025,8,27,PublicaciÃ³n de nuevos datos: Conectividad AÃ©rea - Julio 2025,"<li><a href=""https://tableros.yvera.tur.ar/conectividad.html""> ğŸ’» Reporte de Conectividad AÃ©rea</a> </li>
<li><a href=""https://datos.yvera.gob.ar/dataset/conectividad-aerea"">ğŸ“– Datos Abiertos</a> </li>
<li><a href=""https://tableros.yvera.tur.ar/conectividad/"">âœˆï¸ Tablero de Conectividad AÃ©rea</a> </li>"
2025,9,26,PublicaciÃ³n de nuevos datos: Conectividad AÃ©rea - Agosto 2025,"<li><a href=""https://tableros.yvera.tur.ar/conectividad.html""> ğŸ’» Reporte de Conectividad AÃ©rea</a> </li>
<li><a href=""https://datos.yvera.gob.ar/dataset/conectividad-aerea"">ğŸ“– Datos Abiertos</a> </li>
<li><a href=""https://tableros.yvera.tur.ar/conectividad/"">âœˆï¸ Tablero de Conectividad AÃ©rea</a> </li>"
